media_type,film_id,title,original_language,genres,popularity,vote_average,vote_count,release_year
movie,969681,Spider-Man: Brand New Day,en,"Science Fiction, Action, Adventure",1657.2333,7.9,2098,2026
movie,1368337,The Odyssey,en,"Adventure, Action, Fantasy",672.5442,7.999,3122,2026
movie,1288445,Mutiny,en,"Action, Thriller",532.9923,6.6,125,2026
movie,1084244,Toy Story 5,en,"Animation, Family, Comedy, Adventure",387.5602,8.184,1527,2026
movie,1323244,Rage of Stars,en,"Action, Science Fiction, Thriller",388.5213,4.636,33,2026
movie,634649,Spider-Man: No Way Home,en,"Action, Adventure, Science Fiction",252.1788,7.941,22816,2021
movie,1375646,Colony,ko,"Action, Horror, Science Fiction",220.8453,8.115,588,2026
movie,1339713,Obsession,en,"Horror, Thriller",284.2699,8.22,4987,2026
movie,1315772,Minions & Monsters,en,"Adventure, Animation, Comedy, Family, Fantasy",231.8791,7.519,826,2026
movie,1108427,Moana,en,"Family, Fantasy, Comedy, Adventure",250.1106,6.113,222,2026
movie,1284465,The Death of Robin Hood,en,"Adventure, Drama, Action",172.0553,6.288,243,2026
movie,1284041,The Last House,en,"Horror, Science Fiction, Thriller",158.1143,6.894,1003,2026
movie,82023,Hotel Desire,de,"Drama, Romance",185.9993,6.174,158,2011
movie,1275779,Disclosure Day,en,"Science Fiction, Thriller",161.164,7.465,2980,2026
movie,1101383,The End of Oak Street,en,"Science Fiction, Mystery, Thriller",136.3742,6.386,330,2026
movie,1212763,Evil Dead Burn,en,Horror,146.2951,7.838,1250,2026
movie,1083381,Backrooms,en,"Horror, Mystery, Science Fiction",152.9265,7.096,2927,2026
movie,687163,Project Hail Mary,en,"Science Fiction, Adventure",128.5141,8.647,7292,2026
movie,1081003,Supergirl,en,"Action, Adventure, Science Fiction",131.5168,6.727,2030,2026
movie,1273221,Scary Movie,en,Comedy,124.6124,6.444,1714,2026
movie,1523145,Your Heart Will Be Broken,ru,Romance,108.3718,7.1,121,2026
movie,1003596,Avengers: Doomsday,en,"Science Fiction, Action, Adventure",97.5399,0,0,2026
movie,454639,Masters of the Universe,en,"Action, Fantasy, Science Fiction",111.0374,7.166,1925,2026
movie,1307118,Soulm8te,en,"Horror, Science Fiction, Thriller",107.4701,7.286,245,2026
movie,755898,War of the Worlds,en,"Science Fiction, Thriller",108.2923,4.045,1097,2025
movie,1538273,Pyaar Prema Kalyanam,ta,"Romance, Comedy, Drama",103.5313,7,1,2026
movie,980431,Avatar Aang: The Last Airbender,en,"Animation, Action, Adventure, Fantasy",99.9187,9.201,959,2026
movie,1612018,Jackass: Best and Last,en,"Action, Comedy, Documentary",106.3238,7.554,177,2026
movie,1285366,Shape of My Heart,ja,Romance,137.4408,6.2,4,2024
movie,315635,Spider-Man: Homecoming,en,"Action, Adventure, Science Fiction",97.8934,7.333,23735,2017
movie,299536,Avengers: Infinity War,en,"Adventure, Action, Science Fiction",102.7902,8.2,32681,2018
movie,278,The Shawshank Redemption,en,"Drama, Crime",85.0929,8.728,31122,1994
movie,83533,Avatar: Fire and Ash,en,"Science Fiction, Adventure, Fantasy",97.646,7.646,4188,2025
movie,441168,From Straight A's to XXX,en,"Drama, TV Movie",103.2328,5.912,170,2017
movie,1594914,Lucky Strike,en,"Action, War",105.4359,7.25,32,2026
movie,1698863,The Odyssey,en,"Adventure, Fantasy, Action",104.0118,4.014,347,2026
movie,1291595,Insidious: Out of the Further,en,"Horror, Thriller",102.7501,6.7,45,2026
movie,391312,Mourning Wife,ja,"Drama, Romance",114.4772,4.5,6,2001
movie,1311031,Demon Slayer: Kimetsu no Yaiba Infinity Castle,ja,"Animation, Action, Fantasy",91.0316,8.755,1954,2025
movie,557,Spider-Man,en,"Action, Science Fiction",86.2569,7.348,21240,2002
movie,1130948,Rosebush Pruning,en,"Comedy, Drama, Thriller",113.2706,6.471,17,2026
movie,1481343,The Devil's Mouth,en,"Horror, Thriller",85.0283,6.574,694,2026
movie,89657,Country Hooker,en,Drama,63.4616,3.857,7,1974
movie,1314826,Yellow Eyes,en,Horror,96.2457,4.3,3,2026
movie,1564614,Leviticus,en,"Horror, Romance",83.6284,6.7,417,2026
movie,1599191,Renegade Immortal: Battle of the Immortal Slayer,zh,"Animation, Action, Adventure, Fantasy",89.5272,0,0,
movie,1314481,The Devil Wears Prada 2,en,"Comedy, Drama",79.2885,7.068,2162,2026
movie,24428,The Avengers,en,"Science Fiction, Action, Adventure",80.0398,8.068,39377,2012
movie,936075,Michael,en,"Music, Drama",78.8838,8.671,4133,2026
movie,1280738,The Furious,zh,"Action, Crime, Thriller",74.1319,8.147,612,2026
movie,950028,The Invite,en,"Comedy, Drama, Romance",68.9528,7.341,318,2026
movie,1727780,Borderline,en,Thriller,77.6957,5.7,15,2026
movie,157336,Interstellar,en,"Adventure, Drama, Science Fiction",71.0031,8.485,40880,2014
movie,1127384,Deep Water,en,"Horror, Thriller",79.0296,7.1,416,2026
movie,1930,The Amazing Spider-Man,en,"Action, Adventure, Science Fiction",68.3969,6.756,18979,2012
movie,1439930,The Punisher: One Last Kill,en,"Action, Drama, Crime",76.1121,8.276,2128,2026
movie,1084242,Zootopia 2,en,"Animation, Adventure, Comedy, Mystery, Family",71.4974,7.679,3322,2025
movie,569094,Spider-Man: Across the Spider-Verse,en,"Animation, Action, Adventure, Science Fiction",69.9701,8.346,9095,2023
movie,964849,Nightborn,fi,Horror,77.0312,6.129,35,2026
movie,5721,Vixen!,en,Drama,69.7111,5.518,109,1968
movie,1228710,The Mandalorian and Grogu,en,"Action, Adventure, Science Fiction",67.4061,7.506,1350,2026
movie,238,The Godfather,en,"Drama, Crime",62.5713,8.686,23409,1972
movie,1226863,The Super Mario Galaxy Movie,en,"Family, Comedy, Adventure, Fantasy, Animation",87.3492,8.248,3523,2026
movie,299534,Avengers: Endgame,en,"Adventure, Science Fiction, Action",65.8542,8.24,28427,2019
movie,1290821,Shelter,en,"Action, Crime, Thriller",70.0378,7.784,1762,2026
movie,1408162,Vishwanath & Sons,ta,"Drama, Romance",54.522,8.4,7,2026
movie,1110034,Kraken,no,"Horror, Action, Thriller",66.1043,6.288,285,2026
movie,155,The Dark Knight,en,"Action, Crime, Thriller",62.0227,8.534,36492,2008
movie,194117,Woman in the Moon,it,"Drama, Romance, Crime",75.0823,5.6,8,1988
movie,1668364,Desire,es,"Mystery, Drama",65.9527,6.778,234,2026
movie,533535,Deadpool & Wolverine,en,"Action, Comedy, Science Fiction",61.9392,7.585,9260,2024
movie,27205,Inception,en,"Action, Science Fiction, Adventure",60.7361,8.372,39978,2010
movie,1493400,Camp Rock 3,en,"Music, Comedy, Drama, TV Movie, Romance",54.8258,6.494,87,2026
movie,1630409,The Debt Collector,th,"Action, Thriller, Crime",61.1356,7.873,114,2026
movie,324857,Spider-Man: Into the Spider-Verse,en,"Animation, Action, Adventure, Science Fiction",59.003,8.397,17718,2018
movie,931285,Mortal Kombat II,en,"Action, Fantasy, Adventure",57.2122,7.86,2436,2026
movie,1419406,The Shadow's Edge,zh,"Action, Crime, Drama, Thriller",61.4608,8.131,1256,2025
movie,429617,Spider-Man: Far From Home,en,"Action, Adventure, Science Fiction",58.163,7.393,17466,2019
movie,559,Spider-Man 3,en,"Action, Adventure, Science Fiction",56.23,6.477,15637,2007
movie,1417285,The Stain,th,"Horror, Thriller, Romance",47.2172,4,2,2026
movie,822119,Captain America: Brave New World,en,"Action, Thriller, Science Fiction",58.8695,5.948,3321,2025
movie,1327819,Hoppers,en,"Adventure, Animation, Comedy, Family, Science Fiction",58.2164,8.168,2224,2026
movie,1491920,Kung Fu Soccer,zh,"Drama, Comedy, Action",51.733,6.4,24,2026
movie,1569947,The Priest: Thanksgiving Massacre,en,Horror,54.0591,3.5,59,2025
movie,1125257,Freakier Friday,en,"Comedy, Fantasy, Family",47.2104,6.8,788,2025
movie,99861,Avengers: Age of Ultron,en,"Action, Adventure, Science Fiction",56.0793,7.276,24872,2015
movie,1599993,Animals,es,"Comedy, Thriller",63.9309,6.154,26,2026
movie,1242898,Predator: Badlands,en,"Action, Science Fiction, Adventure",52.0768,7.826,3526,2025
movie,1728704,Siping,tl,Drama,50.6313,4.3,5,2026
movie,1516698,The Last Sunrise,en,"Romance, Drama",52.2218,0,0,2026
movie,1698856,Master of the Universe,en,"Science Fiction, Action, Fantasy",56.4165,5.032,78,2026
movie,1007757,Swapped,en,"Adventure, Animation, Family, Fantasy",50.009,8.879,2127,2026
movie,1184918,The Wild Robot,en,"Family, Animation, Science Fiction, Adventure",49.7118,8.306,6486,2024
movie,1193950,The Dollmaker,es,"Crime, Thriller, Horror",46.6208,2,1,2025
movie,1510795,"Shake, Rattle & Roll: Evil Origins",tl,Horror,50.8959,5.737,19,2026
movie,76341,Mad Max: Fury Road,en,"Action, Adventure, Science Fiction",49.5191,7.6,24463,2015
movie,1504358,Don't Say Good Luck,en,"Comedy, Music, Drama",47.0389,7.2,58,2026
movie,102382,The Amazing Spider-Man 2,en,"Action, Adventure, Science Fiction",49.0328,6.557,14634,2014
movie,1301421,The Sheep Detectives,en,"Comedy, Family, Mystery",59.262,7.943,1503,2026
movie,617126,The Fantastic 4: First Steps,en,"Science Fiction, Adventure, Action",49.5346,6.9,3744,2025
movie,1726,Iron Man,en,"Action, Science Fiction, Adventure",49.2197,7.7,28652,2008
movie,872585,Oppenheimer,en,"Drama, History",50.4453,8.023,12305,2023
movie,603,The Matrix,en,"Action, Science Fiction",48.7214,8.255,28546,1999
movie,271110,Captain America: Civil War,en,"Adventure, Action, Science Fiction",47.6929,7.452,24434,2016
movie,1232569,Pinocchio: Unstrung,en,"Horror, Fantasy, Mystery",89.9603,7.125,44,2026
movie,122,The Lord of the Rings: The Return of the King,en,"Adventure, Fantasy, Action",45.4706,8.505,27165,2003
movie,1304313,Lee Cronin's The Mummy,en,"Horror, Mystery",52.9811,7.896,2552,2026
movie,1621552,Facing El Chapo,es,"Crime, Action, Thriller",234.2102,6.609,32,2026
movie,49018,Insidious,en,"Horror, Thriller",55.1464,6.951,7508,2011
movie,1368166,The Housemaid,en,"Mystery, Thriller",45.3568,7.272,2919,2025
movie,671,Harry Potter and the Philosopher's Stone,en,"Adventure, Fantasy",46.6557,7.902,30070,2001
movie,1234821,Jurassic World Rebirth,en,"Science Fiction, Adventure, Action",48.9457,6.259,3681,2025
movie,652,Troy,en,"War, Action, History",47.1316,7.188,11422,2004
movie,1413976,Citizen Vigilante,en,"Thriller, Action, Crime",47.6375,6.409,348,2026
movie,1418582,Here the Whole Time,pt,"Comedy, Romance",47.0331,6.935,31,2026
movie,840464,Greenland 2: Migration,en,"Adventure, Thriller, Science Fiction",115.2826,6.399,1471,2026
movie,803796,KPop Demon Hunters,en,"Fantasy, Music, Comedy, Animation",40.8872,8.004,3132,2025
movie,1393326,Ghost in the Cell,id,"Horror, Comedy, Thriller",43.2647,7.4,27,2026
movie,1724,The Incredible Hulk,en,"Science Fiction, Action, Adventure",42.4064,6.257,13041,2008
movie,453395,Doctor Strange in the Multiverse of Madness,en,"Fantasy, Action, Adventure",41.663,7.225,10704,2022
movie,680,Pulp Fiction,en,"Thriller, Crime, Comedy",42.5213,8.5,30709,1994
movie,862,Toy Story,en,"Family, Comedy, Animation, Adventure",47.2338,7.987,20393,1995
movie,120,The Lord of the Rings: The Fellowship of the Ring,en,"Adventure, Fantasy, Action",43.346,8.443,28175,2001
movie,361743,Top Gun: Maverick,en,"Action, Drama",34.9693,8.2,11405,2022
movie,986056,Thunderbolts*,en,"Action, Science Fiction, Adventure",46.2587,7.3,3930,2025
movie,1404304,The Isolate Thief,en,"Western, Action, Drama",41.9634,7.324,17,2026
movie,1669051,Kesong Puti,tl,Drama,41.9971,3.8,4,2026
movie,14836,Coraline,en,"Animation, Family, Fantasy",44.3305,7.932,9336,2009
movie,1656061,Immortal Combat,en,"Action, Science Fiction, Adventure",43.2224,4.6,20,2026
movie,350,The Devil Wears Prada,en,"Drama, Comedy",40.6038,7.439,14130,2006
movie,1625901,The Dating App Killer: The Monica White Story,en,"Thriller, TV Movie",34.7663,6.833,6,2026
movie,1122573,In the Grey,en,"Action, Thriller",41.0171,7.6,775,2026
movie,354912,Coco,en,"Family, Animation, Music, Adventure",44.1277,8.197,21296,2017
movie,496243,Parasite,ko,"Comedy, Thriller, Drama",41.002,8.5,21160,2019
movie,550,Fight Club,en,"Drama, Thriller",38.7406,8.4,32695,1999
movie,98,Gladiator,en,"Action, Drama, Adventure",39.4523,8.2,21338,2000
movie,1723013,Hibla 2,tl,Drama,38.5327,3,1,2026
movie,693134,Dune: Part Two,en,"Science Fiction, Adventure",41.1544,8.133,8427,2024
movie,1235877,Jana Nayagan,ta,"Action, Drama",38.8061,5.563,16,2026
movie,393392,Modori River,ja,"Crime, Drama, Romance",36.6576,5.7,3,1983
movie,1497463,All That We Never Were,es,"Drama, Romance",40.5516,8.065,85,2026
movie,1265609,War Machine,en,"Action, Science Fiction, Thriller",42.0475,7.45,2348,2026
movie,105,Back to the Future,en,"Adventure, Comedy, Science Fiction",37.9988,8.329,22241,1985
movie,1616131,A Child of My Own,es,Documentary,42.571,8.153,36,2026
movie,53653,Prison on Fire,cn,"Crime, Drama",41.8051,7.027,110,1987
movie,76338,Thor: The Dark World,en,"Action, Adventure, Fantasy",35.5494,6.51,18629,2013
movie,447365,Guardians of the Galaxy Vol. 3,en,"Science Fiction, Adventure, Action",38.7486,7.932,8695,2023
movie,12444,Harry Potter and the Deathly Hallows: Part 1,en,"Adventure, Fantasy",37.4279,7.732,20698,2010
movie,13,Forrest Gump,en,"Comedy, Drama, Romance",38.1499,8.463,30283,1994
movie,438631,Dune,en,"Science Fiction, Adventure",37.0462,7.783,15397,2021
movie,912649,Venom: The Last Dance,en,"Science Fiction, Action, Adventure",38.2075,6.674,4446,2024
movie,436969,The Suicide Squad,en,"Action, Comedy, Adventure",34.4834,7.451,9814,2021
movie,597,Titanic,en,"Drama, Romance",39.7308,7.9,27598,1997
movie,976912,Graphic Desires,en,"Thriller, Crime",40.6209,6.911,146,2023
movie,1598766,Crayon Shin-chan the Movie: Very Bizarre! My Yokai Vacation,ja,"Adventure, Animation, Comedy",36.3207,0,0,2026
movie,1168190,The Wrecking Crew,en,"Action, Comedy, Crime, Mystery",39.8973,7.08,1226,2026
movie,284053,Thor: Ragnarok,en,"Action, Science Fiction, Comedy, Adventure",38.1625,7.581,22375,2017
movie,424,Schindler's List,en,"Drama, History, War",34.4713,8.57,17787,1993
movie,497,The Green Mile,en,"Fantasy, Drama, Crime",31.1511,8.505,19669,1999
movie,91586,Insidious: Chapter 2,en,"Horror, Thriller",40.2453,6.692,4697,2013
movie,614479,Insidious: The Red Door,en,"Horror, Thriller",41.7124,6.507,2061,2023
movie,106646,The Wolf of Wall Street,en,"Crime, Drama, Comedy",36.8699,8.027,26370,2013
movie,390062,Jungle,en,"Adventure, Drama, Thriller",39.9166,6.697,2218,2017
movie,1318621,Descendants: Wicked Wonderland,en,"Fantasy, TV Movie, Family, Adventure",36.4843,7.588,160,2026
movie,1061474,Superman,en,"Science Fiction, Adventure, Action",36.8227,7.327,5321,2025
movie,1325734,The Drama,en,"Romance, Comedy, Drama",35.7861,6.9,1622,2026
movie,672,Harry Potter and the Chamber of Secrets,en,"Adventure, Fantasy",35.6313,7.706,23948,2002
movie,1719326,The Cheating Wife,tl,Drama,35.3139,2.5,2,2026
movie,76600,Avatar: The Way of Water,en,"Action, Adventure, Science Fiction",38.6091,7.587,14538,2022
movie,674,Harry Potter and the Goblet of Fire,en,"Adventure, Fantasy",35.624,7.801,22528,2005
movie,807,Se7en,en,"Crime, Mystery, Thriller",35.5526,8.38,23620,1995
movie,240,The Godfather Part II,en,"Drama, Crime",34.2694,8.573,14223,1974
movie,1297842,GOAT,en,"Animation, Comedy, Family",37.2349,8.087,1016,2026
movie,129,Spirited Away,ja,"Animation, Family, Fantasy",35.2375,8.534,18757,2001
movie,49026,The Dark Knight Rises,en,"Action, Crime, Drama, Thriller",36.9245,7.797,24790,2012
movie,138843,The Conjuring,en,"Horror, Thriller",35.1248,7.541,12982,2013
movie,12445,Harry Potter and the Deathly Hallows: Part 2,en,"Adventure, Fantasy",36.7501,8.08,22329,2011
movie,616037,Thor: Love and Thunder,en,"Fantasy, Action, Comedy",35.7445,6.358,8844,2022
movie,911430,F1,en,"Action, Drama",37.483,7.822,4522,2025
movie,1676318,Back to the 90s,de,"Comedy, Music",39.5128,5.7,6,2026
movie,673,Harry Potter and the Prisoner of Azkaban,en,"Adventure, Fantasy",33.346,8.009,23524,2004
movie,1318447,Apex,en,"Action, Thriller",34.4023,6.893,1836,2026
movie,246655,X-Men: Apocalypse,en,"Science Fiction, Fantasy, Action",36.3356,6.527,14020,2016
movie,16869,Inglourious Basterds,en,"Drama, Thriller, War",33.0093,8.217,24619,2009
movie,335984,Blade Runner 2049,en,"Science Fiction, Drama",33.4023,7.6,15541,2017
movie,1430698,The Bay,en,"Thriller, Horror",34.525,5.7,25,2026
movie,280092,Insidious: Chapter 3,en,"Horror, Thriller",39.8084,6.292,3712,2015
movie,121,The Lord of the Rings: The Two Towers,en,"Adventure, Fantasy, Action",32.7884,8.427,24414,2002
movie,10138,Iron Man 2,en,"Adventure, Action, Science Fiction",36.3686,6.855,22785,2010
movie,19995,Avatar,en,"Science Fiction, Action, Adventure",35.631,7.609,34508,2009
movie,475557,Joker,en,"Crime, Thriller, Drama",31.9685,8.118,28164,2019
movie,585,"Monsters, Inc.",en,"Animation, Comedy, Family, Fantasy",36.6301,7.856,20133,2001
movie,1272837,28 Years Later: The Bone Temple,en,"Horror, Thriller, Science Fiction",30.3498,7.094,1643,2026
movie,950387,A Minecraft Movie,en,"Family, Fantasy, Comedy, Adventure",33.8555,6.227,3238,2025
movie,406563,Insidious: The Last Key,en,"Horror, Thriller",39.1061,6.27,3230,2018
movie,1185806,PAW Patrol: The Dino Movie,en,"Animation, Adventure, Family, Fantasy, Comedy",32.4343,7.192,39,2026
movie,1010581,My Fault,es,"Drama, Romance, Thriller",32.8106,7.7,4172,2023
movie,324786,Hacksaw Ridge,en,"Drama, History, War",33.9606,8.192,15182,2016
movie,280,Terminator 2: Judgment Day,en,"Action, Thriller, Science Fiction",35.5422,8.164,14701,1991
movie,8587,The Lion King,en,"Animation, Family, Drama",35.6733,8.252,20027,1994
movie,1632181,Accidental Partners,es,"Comedy, Romance",22.9914,8.884,362,2026
movie,389,12 Angry Men,en,Drama,31.0451,8.569,10271,1957
movie,1232449,Young Hearts,nl,"Drama, Romance",15.9709,8.6,306,2024
movie,1218925,Chainsaw Man - The Movie: Reze Arc,ja,"Animation, Action, Romance, Fantasy",33.4956,8.533,1135,2025
movie,19404,Dilwale Dulhania Le Jayenge,hi,"Comedy, Drama, Romance",12.8694,8.5,4614,1995
movie,372058,Your Name.,ja,"Animation, Romance, Drama",29.0371,8.485,12899,2016
movie,1181678,¿Quieres ser mi hijo?,en,"Comedy, Romance",7.861,8.47,365,2023
movie,429,"The Good, the Bad and the Ugly",it,Western,25.2919,8.466,9872,1966
movie,1383731,Protector,en,"Action, Thriller",16.5425,8.457,526,2026
movie,14537,Harakiri,ja,"Action, Drama, History",10.8804,8.456,1265,1962
movie,346,Seven Samurai,ja,"Action, Drama",17.5192,8.453,4336,1954
movie,769,GoodFellas,en,"Drama, Crime",26.2226,8.451,14661,1990
movie,12477,Grave of the Fireflies,ja,"Animation, Drama, War",0.0193,8.447,6714,1988
movie,1330021,Remarkably Bright Creatures,en,"Drama, Mystery",20.3677,8.433,862,2026
movie,637,Life Is Beautiful,it,"Comedy, Drama",25.5626,8.437,14180,1997
movie,11216,Cinema Paradiso,it,"Drama, Romance",19.173,8.43,4946,1988
movie,598,City of God,pt,"Drama, Crime",20.3879,8.427,8376,2002
movie,40096,A Dog's Will,pt,"Comedy, Drama, Fantasy, Romance",7.197,8.417,1236,2000
movie,539,Psycho,en,"Horror, Thriller, Mystery",20.3539,8.408,11190,1960
movie,667257,Impossible Things,es,"Family, Drama",5.6268,8.406,430,2021
movie,510,One Flew Over the Cuckoo's Nest,en,Drama,19.3996,8.406,11666,1975
movie,620249,The Legend of Hei,zh,"Animation, Fantasy, Action",12.7533,8.405,537,2019
movie,378064,A Silent Voice: The Movie,ja,"Animation, Drama, Romance",16.6265,8.394,4641,2016
movie,1891,The Empire Strikes Back,en,"Adventure, Action, Science Fiction",21.9599,8.392,18733,1980
movie,4935,Howl's Moving Castle,ja,"Fantasy, Animation, Adventure",28.8188,8.387,11334,2004
movie,255709,Hope,ko,Drama,10.7522,8.386,905,2013
movie,696374,Gabriel's Inferno,en,"Romance, Drama",4.6721,8.382,2479,2020
movie,12493,High and Low,ja,"Drama, Crime, Thriller, Mystery",9.7564,8.376,1182,1963
movie,770156,Lucy Shimmers and the Prince of Peace,en,"Drama, Family",8.8076,8.379,373,2020
movie,244786,Whiplash,en,"Drama, Music, Thriller",32.6329,8.375,16975,2014
movie,311,Once Upon a Time in America,en,"Drama, Crime",23.7447,8.374,6164,1984
movie,423,The Pianist,en,"Drama, War",20.1774,8.37,10364,2002
movie,724089,Gabriel's Inferno: Part II,en,"Romance, Drama",3.2955,8.348,1561,2020
movie,274,The Silence of the Lambs,en,"Crime, Thriller, Drama",8.712,8.344,18359,1991
movie,614945,Voicemails for Isabelle,en,"Romance, Comedy, Drama",26.4766,8.337,814,2026
movie,761053,Gabriel's Inferno: Part III,en,"Romance, Drama",6.5217,8.339,1094,2020
movie,567,Rear Window,en,"Thriller, Mystery, Drama",15.6462,8.337,7311,1954
movie,1058694,Radical,es,Drama,6.4278,8.3,511,2023
movie,73,American History X,en,Drama,17.566,8.326,12815,1998
movie,128,Princess Mononoke,ja,"Adventure, Fantasy, Animation",20.8232,8.321,9208,1997
movie,372754,Dou kyu sei – Classmates,ja,"Romance, Animation",6.7584,8.316,459,2016
movie,3782,Ikiru,ja,Drama,10.5808,8.3,1380,1952
movie,10494,Perfect Blue,ja,"Animation, Thriller",20.1873,8.306,3309,1998
movie,533514,Violet Evergarden: The Movie,ja,"Animation, Drama, Fantasy, Romance",9.9074,8.3,536,2020
movie,207,Dead Poets Society,en,Drama,25.9666,8.296,12869,1989
movie,101,Léon: The Professional,fr,"Crime, Drama, Action",28.6497,8.293,16403,1994
movie,644479,Dedicated to my ex,es,"Drama, Comedy",4.7727,8.285,514,2019
movie,914,The Great Dictator,en,"Comedy, War",11.0617,8.285,3785,1940
movie,3082,Modern Times,en,"Comedy, Drama, Romance",10.5048,8.283,4164,1936
movie,42269,We All Loved Each Other So Much,it,"Drama, Comedy",6.4091,8.282,663,1974
movie,820067,The Quintessential Quintuplets Movie,ja,"Animation, Comedy, Romance",8.8797,8.278,451,2022
movie,654299,Out of the Clear Blue Sky,es,"Comedy, Drama, Music",4.9301,8.278,389,2019
movie,599,Sunset Boulevard,en,Drama,11.5479,8.276,2998,1950
movie,1585,It's a Wonderful Life,en,"Drama, Family, Fantasy",19.8515,8.3,5019,1946
movie,77338,The Intouchables,fr,"Drama, Comedy",27.3266,8.271,18718,2011
movie,335,Once Upon a Time in the West,it,"Drama, Western",18.0326,8.269,5013,1968
movie,28,Apocalypse Now,en,"Drama, War",21.0271,8.261,9294,1979
movie,92321,Hotarubi no Mori e,ja,"Romance, Animation, Fantasy",0.0085,8.259,1239,2011
movie,18491,Neon Genesis Evangelion: The End of Evangelion,ja,"Animation, Science Fiction, Drama, Fantasy, Action",18.7932,8.258,1930,1997
movie,1356039,Counterattack,es,"Action, Adventure, Thriller",12.2844,8.257,839,2025
movie,92060,Michael Jackson's Thriller,en,"Horror, Music, Thriller",8.0238,8.257,794,1983
movie,652837,"Josee, the Tiger and the Fish",ja,"Animation, Drama, Romance",9.3012,8.252,622,2020
movie,975,Paths of Glory,en,"War, Drama",7.1894,8.251,3349,1957
movie,901,City Lights,en,"Comedy, Drama, Romance",8.1522,8.251,2520,1931
movie,1139087,Once Upon a Studio,en,"Animation, Family, Fantasy, Drama, Comedy",9.081,8.254,445,2023
movie,637920,Miracle in Cell No. 7,tr,Drama,7.5727,8.25,4592,2019
movie,29259,Le Trou,fr,"Drama, Thriller, Crime",5.0109,8.246,592,1960
movie,630566,Clouds,en,"Music, Drama",3.9198,8.244,1060,2020
movie,10376,The Legend of 1900,it,"Drama, Music",8.551,8.24,2484,1998
movie,670,Oldboy,ko,"Thriller, Mystery",20.9255,8.236,10121,2003
movie,15804,A Brighter Summer Day,zh,"Crime, Drama, Romance",6.7335,8.234,401,1991
movie,572154,Rascal Does Not Dream of a Dreaming Girl,ja,"Animation, Romance, Drama, Fantasy",4.8356,8.232,611,2019
movie,857,Saving Private Ryan,en,"War, Drama, History",31.3818,8.232,17653,1998
movie,1317149,I Swear,en,"Drama, History",18.5923,8.2,487,2025
movie,504253,I Want to Eat Your Pancreas,ja,"Animation, Drama, Romance",9.1249,8.23,1829,2018
movie,635302,Demon Slayer -Kimetsu no Yaiba- The Movie: Mugen Train,ja,"Animation, Action, Fantasy",16.3795,8.227,4642,2020
movie,24188,Il Sorpasso,it,"Drama, Comedy, Adventure",3.3036,8.226,861,1962
movie,632632,Given,ja,"Animation, Drama, Music, Romance",3.5219,8.2,424,2020
movie,490132,Green Book,en,"Drama, Comedy, History",18.6715,8.222,13134,2018
movie,447362,Life in a Year,en,"Drama, Romance",6.0827,8.222,2000,2020
movie,508965,Klaus,en,"Animation, Family, Comedy",8.3595,8.219,4784,2019
movie,16672,Woman in the Dunes,ja,"Drama, Thriller",5.6403,8.2,536,1964
movie,283566,Evangelion: 3.0+1.0 Thrice Upon a Time,ja,"Animation, Action, Science Fiction, Drama",11.2189,8.216,985,2021
movie,110420,Wolf Children,ja,"Animation, Family, Drama, Fantasy",8.1059,8.216,2525,2012
movie,527641,Five Feet Apart,en,"Romance, Drama",9.9924,8.215,5978,2019
movie,315162,Puss in Boots: The Last Wish,en,"Animation, Adventure, Fantasy, Comedy, Family",24.4003,8.215,9153,2022
movie,995133,"The Boy, the Mole, the Fox and the Horse",en,"Animation, Family, Drama, Adventure",25.9257,8.213,760,2022
movie,1124,The Prestige,en,"Drama, Mystery, Science Fiction",27.0589,8.211,17985,2006
movie,37257,Witness for the Prosecution,en,"Drama, Mystery, Crime",9.3709,8.2,1750,1957
movie,9702,Bound by Honor,en,"Crime, Drama, Thriller",10.704,8.206,1598,1993
movie,11,Star Wars,en,"Adventure, Action, Science Fiction",32.5789,8.206,22719,1977
movie,1244492,Look Back,ja,"Animation, Drama",11.5386,8.194,643,2024
movie,50014,The Help,en,Drama,16.2074,8.204,9208,2011
movie,694,The Shining,en,"Horror, Thriller",24.0541,8.201,19256,1980
movie,568332,Taylor Swift: Reputation Stadium Tour,en,Music,2.8132,8.199,437,2018
movie,25237,Come and See,ru,"Drama, War, Horror, History",13.2674,8.198,1923,1985
movie,11324,Shutter Island,en,"Drama, Thriller, Mystery",26.8288,8.197,26289,2010
movie,265177,Mommy,fr,Drama,10.035,8.195,2885,2014
movie,568300,BTS WORLD TOUR [LOVE YOURSELF] in Seoul,ko,Music,2.636,8.2,461,2019
movie,68718,Django Unchained,en,"Drama, Western",28.7168,8.193,28466,2012
movie,618344,Justice League Dark: Apokolips War,en,"Animation, Action, Adventure, Fantasy",6.3963,8.189,1614,2020
movie,537061,Steven Universe: The Movie,en,"Animation, Family, Adventure, Fantasy, Drama, TV Movie",5.8165,8.2,875,2019
movie,26451,Investigation of a Citizen Above Suspicion,it,"Drama, Thriller",3.917,8.19,891,1970
movie,1186532,The Forge,en,"Drama, Family",7.9093,8.2,353,2024
movie,284,The Apartment,en,"Comedy, Drama, Romance",9.5665,8.184,2749,1960
movie,3780,Red Beard,ja,Drama,4.8923,8.182,423,1965
movie,20941,Innocent Voices,es,"Drama, War",3.6047,8.181,530,2005
movie,851644,20th Century Girl,ko,"Romance, Drama",10.4791,8.179,854,2022
movie,620683,My Mom Is a Character 3,pt,Comedy,1.6103,8.2,496,2019
movie,313106,Doctor Who: The Day of the Doctor,en,"Science Fiction, Adventure",3.2398,8.179,783,2013
movie,290098,The Handmaiden,ko,"Thriller, Drama, Romance",21.1453,8.176,4450,2016
movie,1160164,TAYLOR SWIFT | THE ERAS TOUR,en,Music,4.6002,8.174,532,2023
movie,77,Memento,en,"Mystery, Thriller",23.8625,8.175,16629,2000
movie,348,Alien,en,"Horror, Science Fiction",30.1088,8.172,16720,1979
movie,185,A Clockwork Orange,en,"Science Fiction, Crime",17.7812,8.171,14045,1971
movie,441130,Wolfwalkers,en,"Animation, Family, Adventure, Fantasy",12.6596,8.17,1439,2020
movie,81481,Silenced,ko,Drama,6.9212,8.16,803,2011
movie,629,The Usual Suspects,en,"Drama, Crime, Thriller",22.846,8.165,11655,1995
movie,5156,Bicycle Thieves,it,Drama,8.3269,8.164,2729,1948
movie,489,Good Will Hunting,en,Drama,27.5334,8.165,14190,1997
movie,1422,The Departed,en,"Drama, Thriller, Crime",30.3851,8.159,16522,2006
movie,522924,The Art of Racing in the Rain,en,"Drama, Romance",7.2048,8.156,1712,2019
movie,37165,The Truman Show,en,"Comedy, Drama",26.7524,8.156,20686,1998
movie,980477,Ne Zha 2,zh,"Animation, Action, Fantasy, Adventure",24.448,8.2,802,2025
movie,111,Scarface,en,"Action, Crime, Drama",24.2762,8.152,13325,1983
movie,517814,Capernaum,ar,Drama,9.5851,8.148,2021,2018
movie,18148,Tokyo Story,ja,Drama,5.9695,8.148,1254,1953
movie,490,The Seventh Seal,sv,"Fantasy, Drama",8.5342,8.141,3432,1957
movie,10098,The Kid,en,"Comedy, Drama",5.9524,8.138,2432,1921
movie,289,Casablanca,en,"Drama, Romance",13.4833,8.138,6175,1943
movie,606856,Togo,en,"Adventure, History, Drama",5.6632,8.138,2344,2019
movie,476292,Maquia: When the Promised Flower Blooms,ja,"Animation, Drama, Fantasy",6.3497,8.136,726,2018
movie,399106,Piper,en,"Family, Animation",3.302,8.136,1763,2016
movie,426,Vertigo,en,"Mystery, Romance, Thriller",11.9175,8.135,6459,1958
movie,872,Singin' in the Rain,en,"Comedy, Romance",9.9213,8.133,3583,1952
movie,592350,My Hero Academia: Heroes Rising,ja,"Animation, Action, Fantasy, Adventure",7.5704,8.1,1309,2019
movie,458220,Palmer,en,Drama,6.3251,8.124,1955,2021
movie,414419,Kill Bill: The Whole Bloody Affair,en,"Action, Crime",15.3055,8.1,1391,2011
movie,103,Taxi Driver,en,"Crime, Drama",23.3261,8.123,13705,1976
movie,10681,WALL·E,en,"Animation, Family, Science Fiction",31.1533,8.12,20719,2008
movie,797,Persona,sv,Drama,6.0935,8.121,2472,1966
movie,935,Dr. Strangelove or: How I Learned to Stop Worrying and Love the Bomb,en,"Comedy, War",10.6161,8.12,6275,1964
movie,666,Central Station,pt,Drama,4.3671,8.119,1069,1998
movie,600,Full Metal Jacket,en,"Drama, War",15.2852,8.118,11677,1987
movie,575813,Better Days,zh,"Drama, Crime, Romance",7.3578,8.1,573,2019
movie,20914,My Friends,it,Comedy,4.0905,8.116,758,1975
movie,500,Reservoir Dogs,en,"Crime, Thriller",17.6198,8.111,15733,1992
movie,146233,Prisoners,en,"Drama, Thriller, Crime",22.2667,8.106,13380,2013
movie,810693,Jujutsu Kaisen 0,ja,"Animation, Action, Fantasy",11.4552,8.103,1822,2021
movie,46738,Incendies,fr,"Drama, War, Mystery",14.861,8.102,3421,2010
movie,38288,"“The Shorts” by Aldo, Giovanni and Giacomo",it,Comedy,1.2372,8.1,360,1996
movie,1103621,How to Make Millions Before Grandma Dies,th,Drama,8.8113,8.099,433,2024
movie,664767,Mortal Kombat Legends: Scorpion's Revenge,en,"Animation, Action, Fantasy",6.7927,8.099,1516,2020
movie,406997,Wonder,en,"Family, Drama",14.5258,8.099,8368,2017
movie,1384216,The Dog Stars,en,"Science Fiction, Adventure, Thriller",25.0874,7.3,3,2026
movie,1204680,Coyote vs. Acme,en,"Comedy, Adventure, Family",25.4287,7.4,7,2026
movie,1240889,Teenage Sex and Death at Camp Miasma,en,"Comedy, Horror, Romance",26.7716,6.755,47,2026
movie,1748007,Niu Lai,zh,"Animation, Adventure",16.5505,4,11,2026
movie,1433367,One Night Only,en,"Comedy, Romance",26.8935,6.9,38,2026
movie,1242332,Normal,en,"Action, Crime, Thriller, Western",22.3507,7.248,504,2026
movie,1308767,Young Washington,en,"History, War, Drama",27.5658,7.753,97,2026
movie,1732625,LEGO Disney Princess: Magical Mayhem,en,"Animation, Fantasy, Comedy, Adventure",32.1588,8.75,4,2026
movie,1170608,Dune: Part Three,en,"Science Fiction, Adventure",18.6667,0,0,2026
movie,1302904,Practical Magic 2,en,"Romance, Fantasy, Comedy",13.2603,0,0,2026
movie,1341138,Spa Weekend,en,Comedy,27.16,7,10,2026
movie,1688804,Freefall: A Reckoning for Boeing,en,Documentary,18.0871,6.8,15,2026
movie,1281195,Truly Naked,en,"Drama, Romance",17.6209,7.1,15,2026
movie,1441228,Irumudi,te,Drama,11.7948,6.5,6,2026
movie,1669841,Bleach: Thousand-Year Blood War - The Calamity,ja,"Action, Adventure, Animation",8.8651,7.5,10,2026
movie,1589248,"My Best Friend, His Girlfriend and Me",de,Comedy,31.2507,5.761,23,2026
movie,1588838,To the Max,es,"Drama, Adventure",15.4551,5.871,36,2026
movie,1741201,Chompoo: Lost​ &​ Forgotten​,th,Documentary,9.7495,6.3,3,2026
movie,1423191,Resident Evil,en,"Horror, Science Fiction",14.1265,0,0,2026
movie,1321008,Black Box,en,"Horror, Thriller",30.7862,6.191,68,2026
movie,1430077,Hokum,en,Horror,26.8682,6.911,773,2026
movie,1400940,Clayface,en,"Horror, Thriller, Science Fiction",8.0163,0,0,2026
movie,1368314,Passenger,en,"Horror, Thriller",31.8237,7.299,785,2026
movie,1169537,Batwara 1947,hi,"Action, Drama, War",9.8349,6,1,2026
movie,791523,Wildwood,en,"Animation, Adventure, Fantasy",8.6647,0,0,2026
movie,1480387,undertone,en,"Horror, Mystery",19.9919,6.042,592,2026
movie,1477712,Ice Cream Man,en,Horror,20.2983,4.9,44,2026
movie,1101412,Fall 2: Deadpoint,en,Thriller,31.5931,0,0,2026
movie,1444466,Awarapan 2,hi,"Action, Drama, Romance",20.228,0,0,2026
movie,1318413,Pressure,en,"Thriller, History, War",18.2823,7.8,313,2026
movie,1375441,Primetime,en,"Crime, Drama, Thriller",6.1468,0,0,2026
movie,1632473,"This, That, and Everything in Between",tl,"Drama, Family",19.4125,7.2,2,2026
movie,860508,The Whisper Man,en,"Crime, Drama, Thriller",7.0604,0,0,2026
movie,1159559,Scream 7,en,"Horror, Mystery, Crime",26.3514,6.238,1235,2026
movie,1422011,It Ends,en,"Horror, Mystery",12.5271,4.7,16,2026
movie,910850,MOBILE SUIT GUNDAM HATHAWAY The Sorcery of Nymph Circe,ja,"Animation, Science Fiction, War, Drama",9.0219,7.4,10,2026
movie,1233413,Sinners,en,"Horror, Action, Thriller",32.6468,7.507,5055,2025
movie,1248832,Digger,en,Comedy,10.1067,0,0,2026
movie,1599668,Landship,en,War,7.1148,4,1,2026
movie,1317288,Marty Supreme,en,"Drama, Thriller",21.4698,7.365,2104,2025
movie,1339175,The Birthday Party,en,Drama,7.3488,5.313,8,2026
movie,1169516,Welcome To The Jungle,hi,"Action, Comedy, Adventure",16.8746,4.964,28,2026
movie,1401459,Fjord,no,"Family, Drama",7.2112,6.896,24,2026
movie,1418709,Bagarre,fr,Comedy,11.7469,5.239,23,2026
movie,1255833,Whalefall,en,Thriller,6.7835,0,0,2026
movie,1102883,Mother Mary,en,"Music, Drama, Thriller",16.9911,5.701,157,2026
movie,1361969,All Night Wrong,en,"Comedy, Crime, Thriller",3.9993,6.9,4,2026
movie,1515615,Kissing Is the Easy Part,en,"Romance, Comedy",14.5724,7.234,62,2026
movie,1700944,"Love, Ngo",tl,Comedy,8.2841,9.5,2,2026
movie,1266800,The Desert Child,fr,"Adventure, Family",7.5854,7.7,23,2026
movie,1392469,Cocktail 2,hi,"Romance, Comedy",12.0422,5.821,28,2026
movie,1679730,THE RIBBON HERO,ja,"Animation, Fantasy, Drama, Action",17.6973,6.906,16,2026
movie,1283515,Verity,en,"Mystery, Thriller",9.0582,0,0,2026
movie,1198994,Send Help,en,"Horror, Thriller, Comedy",27.1352,7.04,2202,2026
movie,1193501,Whistle,en,"Horror, Mystery",18.5183,6.324,664,2026
movie,1476682,Gail Daughtry and the Celebrity Sex Pass,en,Comedy,9.8157,6.609,23,2026
movie,858024,Hamnet,en,"Drama, Romance",15.6436,7.7,1548,2025
movie,1266127,Ready or Not: Here I Come,en,"Horror, Comedy",31.8115,7.572,1528,2026
movie,1145899,Marsupilami,fr,"Adventure, Comedy",12.5084,6.367,154,2026
movie,1382832,Hungry,en,"Thriller, Horror",27.1636,7.184,236,2026
movie,541671,Ballerina,en,"Action, Thriller, Crime",27.3969,7.271,2906,2025
movie,1153576,Street Fighter,en,"Action, Fantasy",6.8777,0,0,2026
movie,1288059,I Want Your Sex,en,Comedy,14.9741,6.056,18,2026
movie,1397485,Girls Like Girls,en,"Romance, Drama",16.3249,6.939,33,2026
movie,87513,Motor City,en,"Action, Thriller, Crime",12.3244,6.3,17,2026
movie,1124142,The Rivals of Amziah King,en,"Crime, Drama, Thriller",12.7354,7.3,20,2026
movie,1119449,"Good Luck, Have Fun, Don't Die",en,"Science Fiction, Action, Comedy",20.2724,7.067,883,2026
movie,1128204,Feed,en,Horror,5.8736,4.2,4,2026
movie,1381027,Good Boy,en,"Thriller, Drama, Mystery",20.731,7.274,243,2026
movie,1465063,Forgotten Island,en,"Adventure, Animation, Comedy, Family, Fantasy",14.9555,0,0,2026
movie,1284046,Onslaught,en,"Action, Horror, Thriller",6.0998,0,0,2026
movie,1058424,Hope,ko,"Science Fiction, Mystery, Action",19.6946,8.2,23,2026
movie,1341137,A Great Awakening,en,"Drama, History",10.2194,7.3,20,2026
movie,425274,Now You See Me: Now You Don't,en,"Crime, Thriller",28.0548,6.46,1767,2025
movie,1408170,Lenin,te,"Action, Drama, Romance",27.3356,6.4,5,2026
movie,192139,The Brink of War,en,"Drama, History, Thriller, War",12.6359,8,7,2026
movie,1316092,"""Wuthering Heights""",en,"Romance, Drama",26.1864,6.65,1287,2026
movie,1380316,Is God Is,en,"Drama, Thriller",10.9679,5.8,111,2026
movie,1213243,Toxic: A Fairy Tale for Grown-ups,kn,"Action, Crime, Drama",13.8111,0,0,2026
movie,1315843,Daddy's in Trouble,pt,Comedy,8.927,7.265,17,2026
movie,1263532,Beast Race,pt,"Action, Science Fiction, Thriller",29.7569,6.809,97,2026
movie,1626188,Novak Djokovic: The Wolf in Winter,en,Documentary,7.4126,10,2,2026
movie,1408208,Exit 8,ja,"Horror, Mystery, Thriller",18.9116,7.012,734,2025
movie,1339588,Finding Emily,en,"Romance, Comedy",7.2282,6.9,35,2026
movie,1000990,Mrs.,fr,Drama,2.6821,6.2,9,2026
movie,1567937,V,cn,"Drama, Crime",7.1588,6.5,2,2026
movie,1469342,Her Private Hell,en,"Science Fiction, Horror, Thriller",30.331,5.1,48,2026
movie,1725038,Aussie at Heart,en,"Romance, TV Movie",3.1511,7.5,2,2026
movie,426063,Nosferatu,en,"Horror, Fantasy",19.2704,6.715,3898,2024
movie,1432306,Sleepwalker,en,"Thriller, Horror",6.6754,4.75,10,2026
movie,1285959,The Passenger,en,Thriller,9.129,5.3,26,2026
movie,933260,The Substance,en,"Horror, Science Fiction",30.8701,7.131,6357,2024
movie,1171145,Crime 101,en,"Crime, Thriller",31.7199,7.004,1300,2026
movie,1241436,Warfare,en,"War, Action",15.3299,7.071,1578,2025
movie,1680072,The Narcissist's Playbook,en,Documentary,3.8894,7,1,2026
movie,1087192,How to Train Your Dragon,en,"Fantasy, Family, Action, Adventure",30.4631,7.9,3058,2025
movie,1736062,Disney Worldbuilders,en,Documentary,5.6841,0,0,2026
movie,1236153,Mercy,en,"Science Fiction, Action, Thriller",20.1406,7.084,1616,2026
movie,1633056,All Wishes Come True!,zh,"Comedy, Animation, Fantasy, Adventure",6.0118,7.947,19,2026
movie,1647153,MYSTERY ARENA,ja,Mystery,3.967,6,4,2026
movie,1409853,Neglected,en,"Action, Thriller, TV Movie",6.5141,6.4,9,2026
movie,1241982,Moana 2,en,"Adventure, Animation, Comedy, Family, Fantasy",29.3699,6.993,3235,2024
movie,1284016,Power Ballad,en,"Comedy, Music, Drama",9.4737,7.088,91,2026
movie,1242265,Fuze,en,"Action, Crime, Drama, Thriller",14.3295,7.223,325,2026
movie,1447853,Oasis: Don't Look Back in Anger,en,"Documentary, Music",5.2021,0,0,2026
movie,1292695,They Will Kill You,en,"Action, Comedy, Horror, Thriller",24.4929,6.946,1069,2026
movie,1124566,Sentimental Value,no,"Drama, Comedy",11.8194,7.5,1048,2025
movie,1244523,Beware Boiúna,en,"Action, Horror, Thriller",6.9852,0,0,2026
movie,1384758,Ice Age: Boiling Point,en,"Adventure, Animation, Comedy, Family",13.8151,0,0,2027
movie,1506560,Clash of the Thundermans,en,Science Fiction,2.901,0,0,2026
movie,1038392,The Conjuring: Last Rites,en,Horror,26.3478,6.9,2071,2025
movie,1202033,Enola Holmes 3,en,"Adventure, Crime, Mystery",21.5078,6.795,629,2026
tv,108978,Reacher,en,"Action & Adventure, Crime",662.9716,8.086,3118,2022
tv,5920,The Mentalist,en,"Crime, Drama, Mystery",408.4899,8.4,4602,2008
tv,125988,Silo,en,"Sci-Fi & Fantasy, Drama",301.0535,8.193,2486,2023
tv,51025,Paradise Hotel,da,Reality,315.8877,5.6,10,2005
tv,113962,Lioness,en,"Drama, War & Politics",368.7606,8.1,1395,2023
tv,95350,Lanterns,en,"Drama, Mystery, Sci-Fi & Fantasy",280.1615,8.178,146,2026
tv,67707,Paradise Hotel,sv,Reality,270.82,5,4,2005
tv,37528,Gran hermano,es,Reality,247.1459,4.5,4,2001
tv,2734,Law & Order: Special Victims Unit,en,"Crime, Drama, Mystery",290.8261,7.96,4316,1999
tv,94722,Tagesschau,de,News,379.6013,6.768,256,1952
tv,94997,House of the Dragon,en,"Sci-Fi & Fantasy, Drama, Action & Adventure",236.5301,8.385,7023,2022
tv,1416,Grey's Anatomy,en,Drama,251.7009,8.2,11021,2005
tv,79744,The Rookie,en,"Crime, Drama, Comedy",254.8877,8.543,3481,2018
tv,456,The Simpsons,en,"Animation, Comedy",262.7853,8.021,10952,1989
tv,1434,Family Guy,en,"Animation, Comedy",306.2575,7.411,5078,1999
tv,100757,Outer Banks,en,"Action & Adventure, Mystery",297.1122,8.243,1241,2020
tv,4614,NCIS,en,"Crime, Drama, Action & Adventure",233.4631,7.61,2551,2003
tv,1622,Supernatural,en,"Drama, Mystery, Sci-Fi & Fantasy",226.1101,8.314,8623,2005
tv,549,Law & Order,en,"Crime, Drama",213.7223,7.3,708,1990
tv,22980,Watch What Happens Live with Andy Cohen,en,"Talk, Comedy",292.3315,5,87,2009
tv,59941,The Tonight Show Starring Jimmy Fallon,en,"Comedy, Talk",333.7558,5.764,386,2014
tv,310518,Hockey Psychology,en,,183.7723,0,0,2021
tv,60625,Rick and Morty,en,"Animation, Comedy, Sci-Fi & Fantasy, Action & Adventure",184.9076,8.7,11311,2013
tv,227292,Capitão Furacão,pt,Kids,201.1036,0,0,1965
tv,53270,Barwy szczęścia,pl,Soap,215.0783,5,5,2007
tv,4057,Criminal Minds,en,"Crime, Drama, Mystery",225.1305,8.298,4151,2005
tv,1431,CSI: Crime Scene Investigation,en,"Crime, Drama, Mystery",229.7475,7.623,1418,2000
tv,1402,The Walking Dead,en,"Action & Adventure, Drama, Sci-Fi & Fantasy",176.7153,8.082,18113,2010
tv,615,Futurama,en,"Animation, Comedy, Sci-Fi & Fantasy",171.4645,8.364,3866,1999
tv,1399,Game of Thrones,en,"Sci-Fi & Fantasy, Drama, Action & Adventure",184.2243,8.47,27584,2011
tv,8745,Balika Vadhu,hi,Drama,87.3733,4.7,3,2008
tv,50821,Among Friends,hu,"Drama, Family",263.4583,3.775,20,1998
tv,70998,Souryo to Majiwaru Shikiyoku no Yoru ni...,ja,"Animation, Drama",164.1075,5.467,15,2017
tv,97546,Ted Lasso,en,"Drama, Comedy",186.3862,8.362,2582,2020
tv,285151,Raja Rani Chi Ga Jodi,mr,"Drama, Soap",76.004,7,1,2019
tv,124364,FROM,en,"Mystery, Drama, Sci-Fi & Fantasy",163.5318,8.492,4197,2022
tv,2224,The Daily Show,en,"News, Comedy",181.416,6.393,653,1996
tv,204269,Caressing My Hibernating Bear,ja,Animation,125.6042,5.9,7,2022
tv,31472,Pelotón,es,Reality,140.2813,9,1,2007
tv,34307,Shameless,en,"Drama, Comedy",163.0161,8.167,3451,2011
tv,63770,The Late Show with Stephen Colbert,en,"Comedy, Talk",152.6538,6.074,363,2015
tv,1396,Breaking Bad,en,"Drama, Crime",143.4716,8.9,18459,2008
tv,91555,All Elite Wrestling: Dynamite,en,"Action & Adventure, Drama",141.2032,8,86,2019
tv,1405,Dexter,en,"Crime, Drama, Mystery",135.9468,8.241,5779,2006
tv,764,Midsomer Murders,en,"Crime, Drama, Mystery",153.2376,7.46,365,1997
tv,1433,American Dad!,en,"Animation, Comedy",168.7991,7.023,2428,2005
tv,36109,Paradise Hotel,no,Reality,131.4626,5.7,10,2009
tv,2661,Kamen Rider,ja,"Action & Adventure, Sci-Fi & Fantasy, Drama",186.7178,6.413,104,1971
tv,65334,Miraculous: Tales of Ladybug & Cat Noir,fr,"Action & Adventure, Animation, Kids",139.3614,8.062,4651,2015
tv,1668,Friends,en,Comedy,140.8474,8.415,9328,1994
tv,61818,Late Night with Seth Meyers,en,"Talk, Comedy",149.7079,5.083,132,2014
tv,4604,Smallville,en,"Sci-Fi & Fantasy, Action & Adventure, Drama",130.1164,8.2,4568,2001
tv,502,Sesame Street,en,"Kids, Comedy",122.9962,7.112,289,1969
tv,69536,Cosmic Disclosure,en,"Documentary, Sci-Fi & Fantasy, Mystery",134.147,10,2,2015
tv,94664,Mushoku Tensei: Jobless Reincarnation,ja,"Action & Adventure, Animation, Sci-Fi & Fantasy",138.3159,8.409,1683,2021
tv,278624,Lucky,en,"Drama, Crime",124.1889,7.228,206,2026
tv,310751,哆啦A梦TV版,zh,"Kids, Animation",141.1501,0,0,1979
tv,95897,Overflow,ja,Animation,128.3798,7.456,90,2020
tv,1911,Bones,en,"Crime, Drama",148.1059,8.182,3561,2005
tv,2261,The Tonight Show Starring Johnny Carson,en,Talk,170.1673,7.553,95,1962
tv,13945,"Gute Zeiten, schlechte Zeiten",de,"Drama, Soap",173.0478,5.5,49,1992
tv,206559,Binnelanders,af,Soap,167.6599,5.5,112,2005
tv,46952,The Blacklist,en,"Drama, Crime, Mystery",142.1145,7.633,3689,2013
tv,1966,Horizon,en,Documentary,82.4783,7.397,34,1964
tv,65733,Doraemon,ja,"Action & Adventure, Animation, Comedy, Sci-Fi & Fantasy, Kids, Family",134.7708,8.1,239,2005
tv,291,Coronation Street,en,Soap,114.8895,5.373,118,1960
tv,11890,"Goede Tijden, Slechte Tijden",nl,Soap,158.2037,5.3,21,1990
tv,2316,The Office,en,Comedy,154.2405,8.581,5411,2005
tv,66732,Stranger Things,en,"Action & Adventure, Mystery, Sci-Fi & Fantasy",118.045,8.554,21708,2016
tv,76479,The Boys,en,"Sci-Fi & Fantasy, Action & Adventure",120.5133,8.436,13319,2019
tv,57243,Doctor Who,en,"Action & Adventure, Drama, Sci-Fi & Fantasy",111.3182,7.622,3441,2005
tv,30984,Bleach,ja,"Action & Adventure, Animation, Sci-Fi & Fantasy",136.5879,8.367,2233,2004
tv,14610,Secret Lives,fi,"Soap, Drama",156.1602,4.2,23,1999
tv,16807,Jornal Nacional,pt,News,173.851,6.625,8,1969
tv,3452,Frasier,en,"Comedy, Family",125.8137,7.696,920,1993
tv,4656,Raw,en,Reality,116.8332,6.801,369,1993
tv,19530,Pili,zh,"Action & Adventure, Drama",119.4141,6.9,7,1988
tv,27181,Rote Rosen,de,"Soap, Drama",125.9279,3,5,2006
tv,233643,Secret Mission - Undercover Agents Never Back Down!,ja,Animation,106.6591,6.2,26,2023
tv,1421,Modern Family,en,Comedy,125.1774,7.913,3479,2009
tv,31132,Regular Show,en,"Animation, Comedy, Action & Adventure, Sci-Fi & Fantasy",126.6123,8.6,2302,2010
tv,45140,Teen Titans Go!,en,"Animation, Action & Adventure, Comedy, Family, Sci-Fi & Fantasy",122.8002,6.434,722,2013
tv,82873,The Kelly Clarkson Show,en,Talk,144.5931,6.3,72,2019
tv,46271,Secret Story,fr,Reality,93.4533,4.423,13,2007
tv,32798,Hawaii Five-0,en,"Crime, Drama, Action & Adventure",122.747,7.736,1897,2010
tv,73586,Yellowstone,en,"Western, Drama",116.6836,8.267,3296,2018
tv,44006,Chicago Fire,en,Drama,128.6124,8.409,2431,2012
tv,284029,The Cat and the Dragon,ja,"Animation, Sci-Fi & Fantasy",105.5141,8.667,12,2026
tv,14686,Alles was zählt,de,"Soap, Drama",187.9549,4.875,8,2006
tv,498,Late Show with David Letterman,en,"Talk, Comedy",132.0179,6.418,171,1993
tv,117217,El conquistador,es,Reality,133.7633,5.7,3,2005
tv,4601,Law & Order: Criminal Intent,en,Drama,123.2532,7.579,381,2001
tv,790,Agatha Christie's Poirot,en,"Crime, Drama, Mystery",95.1985,8.182,572,1989
tv,18165,The Vampire Diaries,en,"Drama, Sci-Fi & Fantasy",99.9945,8.3,9724,2009
tv,57532,PAW Patrol,en,"Animation, Kids",106.7171,6.988,816,2013
tv,2691,Two and a Half Men,en,Comedy,109.5069,7.452,3753,2003
tv,37678,The Voice,en,Reality,96.7001,5.9,224,2011
tv,37680,Suits,en,Drama,110.5472,8.222,5871,2011
tv,1398,The Sopranos,en,"Crime, Drama",108.5358,8.7,3630,1999
tv,44217,Vikings,en,"Action & Adventure, Drama, War & Politics",106.4135,8.1,7838,2013
tv,206484,Jade Dynasty,zh,"Animation, Action & Adventure",95.7215,8.1,22,2022
tv,71789,SEAL Team,en,"Action & Adventure, Drama, War & Politics",111.4659,8,1660,2017
tv,49847,House Rules,en,Reality,110.2939,7.2,4,2013
tv,71790,S.W.A.T.,en,"Crime, Action & Adventure, Drama",111.435,8.038,1596,2017
tv,60735,The Flash,en,"Drama, Sci-Fi & Fantasy",109.8976,7.75,11747,2014
tv,58841,Chicago P.D.,en,"Crime, Drama",108.0376,8.427,2622,2014
tv,40694,Lenßen & Partner,de,"Reality, Crime",102.8762,6.5,1,2003
tv,75219,09/01/2001,en,"Drama, Crime, Action & Adventure",116.7175,8.224,2837,2018
tv,2288,Prison Break,en,"Action & Adventure, Crime, Drama",107.8953,8.066,6112,2005
tv,65682,Sister-in-Law Is at Home!,hi,"Comedy, Drama, Family, Soap",154.6571,5.6,8,2015
tv,288989,ChocoPro Wrestling,en,,92.8754,0,0,2020
tv,80748,FBI,en,"Crime, Action & Adventure, Drama",148.9016,7.925,940,2018
tv,15260,Adventure Time,en,"Animation, Comedy, Sci-Fi & Fantasy",105.6419,8.51,3186,2010
tv,65942,Re:ZERO -Starting Life in Another World-,ja,"Animation, Drama, Mystery, Action & Adventure, Sci-Fi & Fantasy",97.8114,8.079,758,2016
tv,1407,Homeland,en,"Drama, War & Politics, Crime",109.0856,7.591,2672,2011
tv,37057,CITV Breakfast,en,Kids,111.2852,0,0,1999
tv,324186,Majhi Manasa,mr,Drama,98.4525,0,0,2022
tv,1413,American Horror Story,en,"Drama, Mystery, Sci-Fi & Fantasy",114.9043,8.076,6140,2011
tv,693,Desperate Housewives,en,"Mystery, Drama, Comedy",103.6529,7.9,2118,2004
tv,4607,Lost,en,"Mystery, Action & Adventure, Drama",95.383,8,5261,2004
tv,1419,Castle,en,"Drama, Crime",103.3062,7.967,2134,2009
tv,32692,Blue Bloods,en,"Crime, Drama",100.3895,7.785,1019,2010
tv,45789,Storm of Love,de,"Drama, Soap",139.9204,6,39,2005
tv,95479,JUJUTSU KAISEN,ja,"Animation, Action & Adventure, Sci-Fi & Fantasy",95.7452,8.6,4619,2020
tv,17887,7de Laan,af,Soap,117.2872,8.333,3,2000
tv,688,The West Wing,en,Drama,100.925,8.3,597,1999
tv,91759,Come Home Love: Lo and Behold,cn,"Family, Comedy, Drama",82.6267,5.4,46,2017
tv,250307,The Pitt,en,Drama,99.2764,8.733,924,2025
tv,45768,Mais Você,pt,Talk,87.8664,6.3,3,1999
tv,108188,Barbara Karlich – Talk um 4,de,Talk,146.712,4.5,4,1999
tv,71712,The Good Doctor,en,Drama,104.4243,8.453,12912,2017
tv,46296,Spartacus,en,Drama,82.5319,8.029,3027,2010
tv,2912,Jeopardy!,en,"Reality, Family",156.8893,6.9,161,1984
tv,46831,Government Job,sr,Comedy,105.4378,7.9,11,2012
tv,44953,El Señor de los Cielos,es,"Crime, Drama, Soap",87.5073,8.005,3609,2013
tv,32726,Bob's Burgers,en,"Animation, Comedy",105.5601,7.841,1120,2011
tv,224,Match of the Day,en,"Talk, News",99.3386,7.6,51,1964
tv,36361,Ulice,cs,"Drama, Comedy, Family, Soap",121.5003,4.8,36,2005
tv,32415,Conan,en,"Talk, Comedy, News",100.8899,7.156,262,2010
tv,241002,Adam's Sweet Agony,ja,Animation,84.0032,6.9,39,2024
tv,1620,CSI: Miami,en,"Drama, Mystery, Crime",97.6556,7.688,1740,2002
tv,70672,Men on a Mission,ko,"Reality, Comedy",181.1298,7.4,42,2015
tv,4087,The X-Files,en,"Mystery, Sci-Fi & Fantasy, Crime",102.5924,8.371,3678,1993
tv,318058,A Girl's Guide to 21st Century Sex,zh,Documentary,83.4406,0,0,2006
tv,2190,South Park,en,"Animation, Comedy",100.1708,8.336,5109,1997
tv,72879,Tomorrow Is Ours,fr,"Crime, Drama, Soap",99.7721,6.366,71,2017
tv,14447,L for Love,pl,Soap,110.9148,4,13,2000
tv,1973,24,en,"Action & Adventure, Drama, Crime",98.2114,7.787,1860,2001
tv,63174,Lucifer,en,"Crime, Sci-Fi & Fantasy",90.9231,8.43,15640,2016
tv,1412,Arrow,en,"Crime, Drama, Action & Adventure",96.2773,6.836,6455,2012
tv,30983,Detective Conan,ja,"Animation, Crime, Mystery, Comedy",81.306,8.015,781,1996
tv,318325,Tony Awards,en,,69.3398,0,0,1956
tv,269,One Tree Hill,en,Drama,100.1225,7.8,615,2003
tv,4177,Perry Mason,en,"Mystery, Drama, Crime",97.3077,7.71,138,1957
tv,46034,Die Küchenschlacht,de,Reality,111.8987,8,1,2008
tv,2122,King of the Hill,en,"Animation, Comedy, Family",107.262,7.414,689,1997
tv,123087,Altas Horas,pt,Talk,70.0376,8,2,2000
tv,4419,Real Time with Bill Maher,en,"Comedy, Talk",91.4456,6.051,245,2003
tv,291496,Our Sticky Love,ko,"Drama, Comedy",85.282,8.701,67,2026
tv,215709,Redemption,tr,Drama,92.568,6.5,11,2022
tv,3022,Rugrats,en,"Family, Animation, Kids, Comedy",85.8541,7.608,767,1991
tv,12225,Peppa Pig,en,"Animation, Kids",80.8595,6.6,758,2004
tv,318490,Kavyanjali,kn,"Drama, Soap",80.6332,0,0,2020
tv,40663,AIBOU: Tokyo Detective Duo,ja,"Drama, Crime, Mystery",125.8906,7.545,22,2002
tv,71728,Young Sheldon,en,"Comedy, Family, Drama",94.7728,8.028,3067,2017
tv,82991,Bharaghar,as,"Family, Drama, Comedy",87.1867,8,1,2012
tv,4629,Stargate SG-1,en,"Sci-Fi & Fantasy, Action & Adventure",104.0425,8.271,1878,1997
tv,39351,Grimm,en,"Drama, Mystery, Sci-Fi & Fantasy",89.3396,8.266,3617,2011
tv,220542,The Apothecary Diaries,ja,"Animation, Drama, Mystery",87.1178,8.63,625,2023
tv,10871,Hotel Cæsar,no,"Drama, Soap",86.7043,3.6,13,1998
tv,4385,The Colbert Report,en,"News, Comedy",83.6401,6.945,308,2005
tv,1667,Saturday Night Live,en,"Comedy, News",109.5633,6.908,519,1975
tv,35007,De Fabeltjeskrant,nl,Kids,113.1789,8,5,1968
tv,16322,X Factor,it,"Reality, Family",96.2787,7.5,12,2008
tv,60574,Peaky Blinders,en,"Drama, Crime",84.1168,8.525,11313,2013
tv,41956,Death in Paradise,en,"Comedy, Crime, Drama, Mystery",93.2139,7.442,339,2011
tv,209867,Frieren: Beyond Journey's End,ja,"Animation, Action & Adventure, Drama, Sci-Fi & Fantasy",83.7165,8.802,937,2023
tv,4239,Married... with Children,en,Comedy,110.3527,7.728,1250,1987
tv,1636,Top of the Pops,en,Reality,116.2072,6.6,44,1964
tv,1411,Person of Interest,en,"Action & Adventure, Crime, Sci-Fi & Fantasy",94.8905,8.1,2129,2011
tv,82588,Köln 50667,de,"Drama, Soap",70.5894,0,0,2013
tv,873,Columbo,en,"Crime, Drama, Mystery",94.2673,8.064,845,1971
tv,320571,Know How...,en,Documentary,75.0507,0,0,2012
tv,278796,Kanaa,ta,Drama,98.7552,0,0,2022
tv,3034,Scene of the Crime,de,"Drama, Crime",102.063,6.2,125,1970
tv,315038,Resort,ta,Comedy,77.142,0,0,2026
tv,226637,High Potential,en,"Drama, Crime, Mystery",82.2231,8.227,642,2024
tv,287439,Kena Bou,bn,Drama,85.2473,0,0,2022
tv,33238,Running Man,ko,"Comedy, Reality",75.3545,8.222,216,2010
tv,39269,Scandal,en,Drama,74.7648,7.2,615,2012
tv,1435,The Good Wife,en,Drama,97.8709,7.618,700,2009
tv,60802,The Last Ship,en,"Action & Adventure, Drama, Sci-Fi & Fantasy",77.7252,6.879,1071,2014
tv,276612,Ninaithen Vandhai,ta,Drama,104.3511,0,0,2024
tv,8590,Plus belle la vie,fr,"Drama, Comedy, Crime",103.5142,4.4,38,2004
tv,1400,Seinfeld,en,Comedy,82.96,8.255,2425,1989
tv,288027,Sohag Chand,bn,Drama,73.5385,0,0,2022
tv,79917,Bares für Rares,de,"Talk, Reality, Documentary",96.2455,7.6,9,2013
tv,291856,Forging Justice,zh,Drama,70.8414,8,3,2026
tv,276161,Teach You a Lesson,ko,"Action & Adventure, Drama, Comedy",67.1306,9.4,821,2026
tv,299167,Dutton Ranch,en,"Western, Drama",70.0895,9.163,550,2026
tv,273240,Off Campus,en,Drama,73.0045,8.917,805,2026
tv,259837,The WONDERfools,ko,"Action & Adventure, Comedy, Sci-Fi & Fantasy, Drama",24.4141,8.874,250,2026
tv,245026,Wizards Beyond Waverly Place,en,"Comedy, Sci-Fi & Fantasy, Family",22.6795,8.9,201,2024
tv,85077,The Chosen,en,"Action & Adventure, Family, Drama",72.6914,8.796,958,2019
tv,246,Avatar: The Last Airbender,en,"Animation, Action & Adventure, Sci-Fi & Fantasy",33.9621,8.78,5057,2005
tv,219246,When Life Gives You Tangerines,ko,Drama,30.8409,8.8,572,2025
tv,64010,Reply 1988,ko,Comedy,15.794,8.76,223,2015
tv,94605,Arcane,en,"Animation, Action & Adventure, Sci-Fi & Fantasy",35.31,8.751,6117,2021
tv,37854,One Piece,ja,"Action & Adventure, Comedy, Animation",52.7429,8.751,5497,1999
tv,259666,No One Will Miss Us,es,"Drama, Comedy",28.3466,8.747,360,2024
tv,301507,Heated Rivalry,en,Drama,51.5657,8.744,586,2025
tv,87108,Chernobyl,en,Drama,35.525,8.722,8204,2019
tv,31911,Fullmetal Alchemist: Brotherhood,ja,"Animation, Action & Adventure, Sci-Fi & Fantasy, Drama",61.8865,8.717,2548,2009
tv,60059,Better Call Saul,en,"Crime, Drama",72.4038,8.711,6791,2015
tv,200709,Weak Hero,ko,"Action & Adventure, Drama",48.9919,8.7,508,2022
tv,138502,X-Men '97,en,"Animation, Action & Adventure, Sci-Fi & Fantasy",66.9292,8.693,856,2024
tv,1429,Attack on Titan,ja,"Animation, Sci-Fi & Fantasy, Action & Adventure",36.9171,8.684,7637,2013
tv,127532,Solo Leveling,ja,"Animation, Action & Adventure, Sci-Fi & Fantasy",54.3699,8.673,1941,2024
tv,92685,The Owl House,en,"Animation, Action & Adventure, Comedy, Sci-Fi & Fantasy, Family",25.4617,8.7,1827,2020
tv,42573,Slam Dunk,ja,"Animation, Comedy",20.6975,8.7,980,1993
tv,42705,Fighting Spirit,ja,"Animation, Comedy, Drama, Action & Adventure",25.6835,8.666,1224,2000
tv,46298,Hunter x Hunter,ja,"Animation, Action & Adventure, Sci-Fi & Fantasy",83.2889,8.663,2181,2011
tv,261145,The Amazing Digital Circus,en,"Animation, Comedy, Drama, Sci-Fi & Fantasy",22.7252,8.663,399,2023
tv,131378,Adventure Time: Fionna and Cake,en,"Animation, Action & Adventure, Comedy, Sci-Fi & Fantasy",44.3692,8.7,346,2023
tv,89456,Primal,en,"Action & Adventure, Animation",13.2739,8.7,1607,2019
tv,271607,The Fragrant Flower Blooms with Dignity,ja,"Animation, Drama",24.0238,8.657,249,2025
tv,70785,Anne with an E,en,"Drama, Family",33.5257,8.651,4979,2017
tv,74313,Blue Planet II,en,"Documentary, Family",6.9688,8.642,359,2017
tv,1430,Cosmos: A Personal Voyage,en,Documentary,7.3873,8.648,452,1980
tv,85937,Demon Slayer: Kimetsu no Yaiba,ja,"Animation, Action & Adventure, Sci-Fi & Fantasy",20.4967,8.639,7422,2019
tv,68595,Planet Earth II,en,"Documentary, Family",9.447,8.638,960,2016
tv,1044,Planet Earth,en,Documentary,18.013,8.6,1278,2006
tv,1438,The Wire,en,"Crime, Drama",70.7699,8.635,2790,2002
tv,95557,INVINCIBLE,en,"Animation, Drama, Sci-Fi & Fantasy, Action & Adventure",65.2659,8.635,6019,2021
tv,72637,Once,es,"Comedy, Family, Soap",20.303,8.631,1533,2017
tv,62741,Kamisama Kiss,ja,"Animation, Comedy, Sci-Fi & Fantasy",14.643,8.631,1023,2012
tv,3498,Wizards of Waverly Place,en,"Comedy, Sci-Fi & Fantasy, Kids",26.1872,8.6,1202,2007
tv,3854,The Spectacular Spider-Man,en,"Action & Adventure, Animation, Kids, Family",27.3762,8.627,923,2008
tv,77696,Run BTS!,ko,Reality,15.0606,8.622,378,2015
tv,230923,Lovely Runner,ko,"Drama, Sci-Fi & Fantasy, Comedy, Mystery",13.443,8.6,294,2024
tv,57706,Ranma ½,ja,"Comedy, Action & Adventure, Animation, Sci-Fi & Fantasy",54.2007,8.621,1540,1989
tv,13916,Death Note,ja,"Animation, Mystery, Sci-Fi & Fantasy",41.3439,8.621,5099,2006
tv,280945,"Bon Appétit, Your Majesty",ko,"Drama, Sci-Fi & Fantasy",11.8442,8.62,254,2025
tv,40075,Gravity Falls,en,"Action & Adventure, Animation, Comedy, Family, Mystery, Sci-Fi & Fantasy",53.3595,8.6,3568,2012
tv,80040,Desafío Champions Sendokai,es,"Animation, Comedy, Action & Adventure, Family",5.3594,8.618,241,2013
tv,43,31 Minutes,es,"Comedy, Kids, Family",8.9699,8.618,382,2003
tv,67915,Guardian: The Lonely and Great God,ko,"Drama, Sci-Fi & Fantasy, Comedy",26.7216,8.6,3120,2016
tv,60863,Haikyu!!,ja,"Animation, Comedy, Drama",39.0537,8.616,1539,2014
tv,35790,Cardcaptor Sakura,ja,"Animation, Sci-Fi & Fantasy, Action & Adventure",29.7556,8.611,803,1998
tv,100,I Am Not an Animal,en,"Animation, Comedy, Sci-Fi & Fantasy",2.8796,8.611,786,2004
tv,289219,Star Wars: Maul - Shadow Lord,en,"Action & Adventure, Animation, Sci-Fi & Fantasy",22.5932,8.6,222,2026
tv,65930,My Hero Academia,ja,"Action & Adventure, Animation, Sci-Fi & Fantasy",22.7189,8.6,5360,2016
tv,234763,The Boy's Word: Blood on the Asphalt,ru,"Drama, Crime",8.6787,8.604,221,2023
tv,85349,Amphibia,en,"Animation, Action & Adventure, Comedy, Sci-Fi & Fantasy, Family",25.1883,8.603,355,2019
tv,62914,Merlí,ca,"Comedy, Drama",9.7024,8.601,1182,2015
tv,79141,Scissor Seven,zh,"Animation, Comedy, Action & Adventure, Sci-Fi & Fantasy",31.0263,8.6,784,2018
tv,4613,Band of Brothers,en,"Drama, War & Politics",33.6521,8.6,4325,2001
tv,37419,Zoids: Chaotic Century,ja,"Action & Adventure, Animation, Comedy, Sci-Fi & Fantasy",12.1229,8.591,372,1999
tv,119464,Navillera,ko,Drama,5.6484,8.6,205,2021
tv,82728,Bluey,en,"Animation, Comedy, Family, Kids",48.4949,8.6,733,2018
tv,46896,The Originals,en,"Sci-Fi & Fantasy, Drama, Mystery",45.9176,8.586,3627,2013
tv,2098,Batman: The Animated Series,en,"Action & Adventure, Animation, Drama, Mystery",47.0508,8.585,1874,1992
tv,95269,Toilet-Bound Hanako-kun,ja,"Animation, Mystery, Sci-Fi & Fantasy",21.7953,8.6,786,2020
tv,135157,Alchemy of Souls,ko,"Drama, Sci-Fi & Fantasy, Action & Adventure, Mystery",21.2231,8.58,814,2022
tv,61663,Your Lie in April,ja,"Animation, Comedy, Drama",28.3695,8.579,1173,2014
tv,36189,Boris,it,Comedy,14.5957,8.578,249,2007
tv,21650,I'm in the Band,en,Comedy,6.684,8.583,277,2009
tv,35610,InuYasha,ja,"Animation, Action & Adventure, Sci-Fi & Fantasy",30.6918,8.6,2098,2000
tv,31356,Big Time Rush,en,"Comedy, Kids",13.4677,8.572,1686,2009
tv,61617,Over the Garden Wall,en,"Mystery, Sci-Fi & Fantasy, Animation, Family, Comedy",13.2833,8.6,1801,2014
tv,1408,House,en,Drama,161.4748,8.565,7822,2004
tv,124834,Heartstopper,en,Drama,15.6068,8.6,1763,2022
tv,2192,Robotech,en,"Animation, Drama, Sci-Fi & Fantasy",8.8773,8.564,383,1985
tv,9302,Digimon Tamers,ja,"Animation, Action & Adventure, Sci-Fi & Fantasy",11.6186,8.562,380,2001
tv,890,Neon Genesis Evangelion,ja,"Sci-Fi & Fantasy, Animation, Drama",31.9195,8.562,2150,1995
tv,97186,"Love, Victor",en,"Comedy, Drama",18.3741,8.561,1660,2020
tv,80564,Banana Fish,ja,"Animation, Drama, Action & Adventure, Mystery, Crime",16.8087,8.6,930,2018
tv,76662,My Mister,ko,Drama,8.6538,8.6,201,2018
tv,45790,JoJo's Bizarre Adventure,ja,"Animation, Action & Adventure, Sci-Fi & Fantasy",67.6198,8.6,1642,2012
tv,207250,The Dangers in My Heart,ja,"Animation, Comedy",27.9629,8.56,260,2023
tv,94954,Hazbin Hotel,en,"Animation, Comedy, Drama, Sci-Fi & Fantasy",32.4135,8.556,1637,2024
tv,98214,Villainous,es,Animation,5.5578,8.554,305,2017
tv,256721,Gachiakuta,ja,"Animation, Action & Adventure, Drama, Sci-Fi & Fantasy",31.3655,8.551,322,2025
tv,12313,Shadow Hunter,en,"Sci-Fi & Fantasy, Drama",1.6075,8.5,922,2005
tv,65844,KONOSUBA - God's blessing on this wonderful world!,ja,"Action & Adventure, Animation, Comedy, Sci-Fi & Fantasy",33.2824,8.545,1469,2016
tv,86031,Dr. STONE,ja,"Animation, Action & Adventure, Comedy, Sci-Fi & Fantasy",10.7565,8.543,1765,2019
tv,83121,Kaguya-sama: Love Is War,ja,"Comedy, Animation",35.7723,8.5,875,2019
tv,73488,Les Contes de la rue Broca,fr,"Animation, Comedy, Kids",7.604,8.543,289,1996
tv,240411,Dan Da Dan,ja,"Animation, Action & Adventure, Comedy, Sci-Fi & Fantasy",37.3442,8.54,927,2024
tv,32118,Generator Rex,en,"Animation, Action & Adventure, Kids, Sci-Fi & Fantasy",16.7028,8.5,423,2010
tv,37606,The Amazing World of Gumball,en,"Animation, Family, Sci-Fi & Fantasy, Comedy",44.4428,8.536,1777,2011
tv,83880,Our Planet,en,"Documentary, Family",6.9583,8.535,473,2019
tv,61222,BoJack Horseman,en,"Animation, Comedy, Drama",55.8165,8.532,2945,2014
tv,31910,Naruto Shippūden,ja,"Animation, Action & Adventure, Sci-Fi & Fantasy",56.1049,8.532,8741,2007
tv,94796,Crash Landing on You,ko,"Drama, Comedy",18.6606,8.5,961,2019
tv,88040,given,ja,"Animation, Drama",6.5792,8.531,803,2019
tv,210733,Hidden Love,zh,Drama,14.8143,8.5,253,2023
tv,83100,Dororo,ja,"Animation, Action & Adventure",17.7525,8.526,1345,2019
tv,9160,Candy Candy,ja,"Animation, Drama, Kids",14.7158,8.526,724,1976
tv,28136,Rurouni Kenshin,ja,"Action & Adventure, Animation, Comedy",23.8829,8.521,823,1996
tv,126485,Moving,ko,"Mystery, Drama, Action & Adventure",16.2833,8.52,305,2023
tv,117376,Vincenzo,ko,"Action & Adventure, Comedy, Drama, Crime",19.2653,8.518,1095,2021
tv,114410,Chainsaw Man,ja,"Animation, Action & Adventure, Sci-Fi & Fantasy, Comedy",33.0337,8.519,2294,2022
tv,82739,Rascal Does Not Dream of Bunny Girl Senpai,ja,"Animation, Comedy, Drama",33.4392,8.518,1332,2018
tv,126506,Smiling Friends,en,"Animation, Comedy, Sci-Fi & Fantasy",23.7119,8.5,464,2020
tv,90447,Hotel Del Luna,ko,"Sci-Fi & Fantasy, Drama, Comedy",10.499,8.5,638,2019
tv,30981,Monster,ja,"Animation, Drama, Mystery, Crime",55.0824,8.513,823,2004
tv,67389,Golden Time,ja,"Animation, Drama",33.846,8.513,590,2013
tv,3793,Invader ZIM,en,"Animation, Comedy, Sci-Fi & Fantasy, Family",12.8532,8.5,469,2001
tv,76121,DARLING in the FRANXX,ja,"Animation, Drama, Sci-Fi & Fantasy, Comedy",17.9899,8.5,1931,2018
tv,68129,Yuri!!! on Ice,ja,"Animation, Comedy, Drama",14.4088,8.511,666,2016
tv,120089,SPY x FAMILY,ja,"Animation, Action & Adventure, Comedy",69.1734,8.508,2331,2022
tv,88803,Vinland Saga,ja,"Animation, War & Politics, Action & Adventure, Drama",15.6702,8.5,1005,2019
tv,83639,Girl from Nowhere,th,"Drama, Mystery, Crime",13.619,8.5,958,2018
tv,66433,Scarlet Heart: Ryeo,ko,"Drama, Sci-Fi & Fantasy, War & Politics",10.0323,8.508,596,2016
tv,127529,Bloodhounds,ko,"Drama, Action & Adventure, Crime",40.1085,8.507,783,2023
tv,110070,Horimiya,ja,"Animation, Comedy, Drama",20.5355,8.507,1162,2021
tv,75214,Violet Evergarden,ja,"Animation, Drama, Sci-Fi & Fantasy, War & Politics",20.1828,8.5,993,2018
tv,19885,Sherlock,en,"Crime, Drama, Mystery",38.2035,8.507,6631,2010
tv,6357,The Twilight Zone,en,"Sci-Fi & Fantasy, Mystery, Drama",38.3861,8.508,1060,1959
tv,77721,Real Girl,ja,"Animation, Comedy, Drama",8.3522,8.506,464,2018
tv,58474,Cosmos,en,Documentary,23.2099,8.506,1717,2014
tv,35935,Berserk,ja,"Action & Adventure, Sci-Fi & Fantasy, Animation",19.4456,8.505,842,1997
tv,11466,Kaamelott,fr,"Comedy, Drama, Sci-Fi & Fantasy",28.9576,8.5,210,2005
tv,259909,Dexter: Resurrection,en,"Crime, Drama, Mystery",22.2994,8.511,620,2025
tv,108261,Mr. Queen,ko,"Drama, Comedy, Sci-Fi & Fantasy",10.2266,8.504,505,2020
tv,45950,High School DxD,ja,"Animation, Action & Adventure, Comedy, Sci-Fi & Fantasy",44.7502,8.503,2063,2012
tv,125910,Young Royals,sv,Drama,10.6147,8.5,1223,2021
tv,96462,It's Okay to Not Be Okay,ko,"Drama, Comedy",12.0664,8.502,1511,2020
tv,89901,Dickinson,en,"Comedy, Drama",16.7305,8.501,992,2019
tv,229480,No Gain No Love,ko,"Drama, Comedy",8.9865,8.5,292,2024
tv,68349,Weightlifting Fairy Kim Bok-joo,ko,"Comedy, Drama",9.2667,8.5,961,2016
tv,73223,Black Clover,ja,"Animation, Action & Adventure, Sci-Fi & Fantasy",22.0475,8.497,2167,2017
tv,67075,Mob Psycho 100,ja,"Animation, Action & Adventure, Comedy, Sci-Fi & Fantasy",36.968,8.497,1352,2016
tv,225180,BLUE EYE SAMURAI,en,"Action & Adventure, Animation, Drama",14.768,8.5,824,2023
tv,56568,NANA,ja,"Animation, Drama",23.334,8.5,267,2006
tv,108291,Snowdrop,ko,"Drama, War & Politics",14.6641,8.5,319,2021
tv,42444,Saint Seiya,ja,"Animation, Drama, Action & Adventure, Sci-Fi & Fantasy",34.2015,8.492,1456,1986
tv,40143,Shaman King,ja,"Animation, Action & Adventure, Sci-Fi & Fantasy",13.9616,8.5,448,2001
tv,30991,Cowboy Bebop,ja,"Animation, Action & Adventure, Sci-Fi & Fantasy, Western",28.7022,8.489,2003,1998
tv,197067,Extraordinary Attorney Woo,ko,Drama,20.9771,8.488,978,2022
tv,106600,BTS In the SOOP,ko,Reality,6.9941,8.488,407,2020
tv,221851,Marry My Husband,ko,"Drama, Sci-Fi & Fantasy, Comedy",13.2653,8.486,708,2024
tv,1600,Ned's Declassified School Survival Guide,en,"Comedy, Kids",20.1461,8.485,1004,2004
tv,117648,Clarkson's Farm,en,"Reality, Comedy",18.2876,8.481,453,2021
tv,100049,TONIKAWA: Over the Moon for You,ja,"Animation, Comedy",17.4025,8.481,1566,2020
tv,92468,La Familia del Barrio,es,Comedy,5.5999,8.5,509,2013
tv,79818,Meteor Garden,zh,"Drama, Family",8.4509,8.478,618,2018
tv,333,Jewel in the Palace,ko,Drama,13.5913,8.477,281,2003
tv,105248,Cyberpunk: Edgerunners,ja,"Animation, Action & Adventure, Sci-Fi & Fantasy, Crime",37.2032,8.474,1942,2022
tv,204154,Scavengers Reign,en,"Sci-Fi & Fantasy, Drama, Animation, Action & Adventure",10.2535,8.472,446,2023
tv,154825,Business Proposal,ko,"Comedy, Drama",14.0799,8.5,789,2022
tv,154521,The Kardashians,en,Reality,17.5093,8.472,2135,2022
tv,215072,A Shop for Killers,ko,"Drama, Action & Adventure, Mystery",61.9364,8.469,225,2024
tv,96160,My Holo Love,ko,"Drama, Sci-Fi & Fantasy",6.3183,8.471,889,2020
tv,79732,She-Ra and the Princesses of Power,en,"Animation, Action & Adventure, Sci-Fi & Fantasy, Family",16.0765,8.471,837,2018
tv,136283,The Glory,ko,Drama,20.227,8.47,945,2022
tv,30669,Yu Yu Hakusho,ja,"Animation, Action & Adventure, Sci-Fi & Fantasy",33.8879,8.5,507,1992
tv,83095,The Rising of the Shield Hero,ja,"Animation, Action & Adventure, Sci-Fi & Fantasy, Drama",16.6359,8.467,1586,2019
tv,4194,Star Wars: The Clone Wars,en,"Action & Adventure, Sci-Fi & Fantasy, Animation",62.2351,8.5,2408,2008
tv,2004,Malcolm in the Middle,en,Comedy,73.711,8.466,4937,2000
tv,42509,Steins;Gate,ja,"Animation, Sci-Fi & Fantasy, Mystery, Comedy",32.1276,8.5,990,2011
tv,129888,Twenty Five Twenty One,ko,Drama,9.9837,8.5,352,2022
tv,65249,ERASED,ja,"Animation, Drama, Mystery",13.117,8.5,1283,2016
tv,65648,Maid Sama!,ja,"Animation, Comedy",11.2349,8.5,628,2010
tv,218539,My Demon,ko,"Drama, Comedy",15.1654,8.46,682,2023
tv,75006,The Umbrella Academy,en,"Action & Adventure, Sci-Fi & Fantasy, Drama",41.3264,8.459,10100,2019
tv,228878,Common Side Effects,en,"Animation, Drama, Comedy, Sci-Fi & Fantasy",22.4695,8.454,337,2025
tv,64196,Overlord,ja,"Animation, Sci-Fi & Fantasy, Action & Adventure",33.2769,8.458,1121,2015
tv,68267,Trollhunters: Tales of Arcadia,en,"Family, Animation, Action & Adventure, Comedy, Sci-Fi & Fantasy",40.569,8.454,1169,2016
tv,207468,Kaiju No. 8,ja,"Animation, Action & Adventure, Sci-Fi & Fantasy",40.9452,8.451,798,2024
tv,66330,W: Two Worlds Apart,ko,"Drama, Comedy",8.7603,8.447,977,2016
tv,62565,My Love Story!!,ja,"Animation, Comedy",12.1024,8.446,381,2015
tv,35894,Zatch Bell!,ja,"Animation, Comedy, Kids",18.7638,8.446,271,2003
tv,34524,Teen Wolf,en,"Sci-Fi & Fantasy, Drama, Comedy",62.3135,8.444,4780,2011
tv,37585,Kenichi: The Mightiest Disciple,ja,"Action & Adventure, Animation, Comedy",23.4421,8.447,487,2006
tv,61752,Hellsing Ultimate,ja,"Animation, Drama, Sci-Fi & Fantasy",10.6064,8.441,737,2006
tv,93019,ORESUKI Are you the only one who loves me?,ja,"Animation, Comedy, Drama",8.7146,8.436,291,2019
tv,107124,Animaniacs,en,"Animation, Comedy",26.5728,8.434,599,2020
tv,62273,Food Wars! Shokugeki no Soma,ja,"Animation, Comedy, Drama",12.1637,8.434,842,2015
tv,82684,That Time I Got Reincarnated as a Slime,ja,"Action & Adventure, Animation, Sci-Fi & Fantasy, Comedy",51.7394,8.433,969,2018
tv,303351,Blood Sacrifice,sv,"Drama, Crime, Mystery",72.0838,5.933,15,2026
tv,287238,Furious,en,"Drama, Crime",60.0693,7.1,56,2026
tv,272938,Pull Strings,zh,"Comedy, Action & Adventure, Sci-Fi & Fantasy",27.0432,8.5,2,2026
tv,298610,Spooky in Love,ko,"Comedy, Sci-Fi & Fantasy, Drama",62.6434,8.837,52,2026
tv,287620,Stuart Fails to Save the Universe,en,"Comedy, Sci-Fi & Fantasy",66.8205,9.029,121,2026
tv,286709,The Westies,en,"Drama, Crime",34.9804,7.333,27,2026
tv,103516,Star Trek: Strange New Worlds,en,"Sci-Fi & Fantasy, Drama",62.3159,7.899,824,2022
tv,296756,President Curtis,en,"Animation, Comedy",41.9679,5.8,31,2026
tv,194583,The Walking Dead: Dead City,en,"Action & Adventure, Drama, Sci-Fi & Fantasy",62.7788,7.896,780,2023
tv,312523,S&X,ja,Drama,28.6647,7.333,3,2026
tv,283297,Sterling Point,en,"Mystery, Drama",68.2423,8.1,95,2026
tv,298168,The Shards,en,"Drama, Mystery",50.4935,7.8,40,2026
tv,243360,Ludwig,en,"Mystery, Crime, Drama, Comedy",37.4522,7.786,133,2024
tv,280133,Cang Feng,zh,"Crime, Mystery",12.9919,8,2,2026
tv,271016,Mystic Nine,zh,"Drama, Action & Adventure",32.4934,6.8,6,2026
tv,2710,It's Always Sunny in Philadelphia,en,Comedy,89.3139,8.263,1391,2005
tv,106449,A Record of a Mortal's Journey to Immortality,zh,"Animation, Action & Adventure, Drama",61.8727,8.4,83,2020
tv,294095,A Bona Fide Killer,ko,"Drama, Action & Adventure, Mystery, Crime",30.3829,6.5,5,2026
tv,276470,OK! Let's Get Divorced,ko,"Drama, Comedy, Family",6.4801,7,1,2026
tv,387,SpongeBob SquarePants,en,"Animation, Comedy, Family",20.9344,7.7,3255,1999
tv,228421,Average Joe,en,"Comedy, Drama, Crime",17.1271,7,19,2023
tv,220102,Spider-Noir,en,"Drama, Mystery, Crime",39.0408,8.361,795,2026
tv,331650,Umthetho,zu,"Crime, Drama",18.0808,5,5,2026
tv,213703,Agent from Above,zh,"Drama, Action & Adventure, Sci-Fi & Fantasy",8.4711,7.422,32,2026
tv,202555,Daredevil: Born Again,en,"Drama, Action & Adventure, Crime",46.2239,8.162,1072,2025
tv,300727,The Apartment Job,ko,"Drama, Comedy, Crime",29.7976,8.7,27,2026
tv,201834,ted,en,Comedy,33.9316,7.932,727,2024
tv,287496,The Road to Splendor,zh,Drama,70.0707,7,3,2026
tv,278043,You and I Are Polar Opposites,ja,"Animation, Comedy",37.5227,8.659,88,2026
tv,220074,Flex X Cop,ko,"Drama, Crime, Mystery, Action & Adventure",26.8288,7.804,46,2024
tv,95480,Slow Horses,en,"Crime, Drama, Mystery",70.6635,8,937,2022
tv,309798,My Brilliant Career,en,"Drama, Family",39.6804,4.6,19,2026
tv,69346,Saga of Tanya the Evil,ja,"Animation, Drama, Sci-Fi & Fantasy, War & Politics",30.3827,8.223,455,2017
tv,270476,Widow's Bay,en,"Drama, Comedy, Mystery",36.7178,8.067,405,2026
tv,312949,Chainsmoker Cat,ja,"Animation, Comedy, Sci-Fi & Fantasy",50.653,8.573,55,2026
tv,223564,"The 100 Girlfriends Who Really, Really, Really, Really, REALLY Love You",ja,"Animation, Comedy",51.7061,8.284,216,2023
tv,291350,Anna Pigeon,en,"Drama, Mystery, Crime",36.3474,7,11,2026
tv,296206,Agent Kim Reactivated,ko,"Action & Adventure, Crime, Drama",43.4905,8.373,146,2026
tv,123542,LINK CLICK,zh,"Animation, Sci-Fi & Fantasy, Mystery, Drama",31.0221,8.2,120,2021
tv,84773,The Lord of the Rings: The Rings of Power,en,"Action & Adventure, Drama, Sci-Fi & Fantasy",74.5923,7.226,3863,2022
tv,258348,Clevatess,ja,"Animation, Action & Adventure, Sci-Fi & Fantasy",25.3969,7.969,98,2025
tv,213375,VisionQuest,en,Sci-Fi & Fantasy,16.179,0,0,2026
tv,322428,Moria,es,Drama,37.2566,9.5,24,2026
tv,223911,Renegade Immortal,zh,"Animation, Drama, Action & Adventure",101.0251,8.2,40,2023
tv,85552,Euphoria,en,Drama,77.4979,8.277,11036,2019
tv,120911,The Terminal List,en,"Action & Adventure, Drama",37.9116,7.948,1181,2022
tv,47663,The Ark,en,"Sci-Fi & Fantasy, Mystery",34.7124,6.388,169,2023
tv,250008,"Oh Boy, Was I Wrong About Her",ja,"Animation, Comedy",37.4154,8,2,2026
tv,153217,Sparks of Tomorrow,ja,"Animation, Drama, Sci-Fi & Fantasy",27.5972,8.4,8,2026
tv,136315,The Bear,en,"Drama, Comedy",47.8028,8.1,1889,2022
tv,203744,Sugar,en,"Drama, Mystery",38.1801,7.148,366,2024
tv,329987,9/11: Reunited,en,Documentary,5.732,8,1,2026
tv,323411,The Vampire Lestat,en,"Drama, Sci-Fi & Fantasy",20.2343,6.4,55,2026
tv,236235,The Gentlemen,en,"Comedy, Drama, Crime",38.4061,7.816,836,2024
tv,91768,Ascendance of a Bookworm,ja,"Animation, Drama, Sci-Fi & Fantasy",60.8777,8.1,141,2019
tv,260463,Daemons of the Shadow Realm,ja,"Animation, Action & Adventure, Sci-Fi & Fantasy",43.7586,8.659,63,2026
tv,300480,Ricky Gervais Alley Cats,en,"Animation, Comedy",20.229,7.675,40,2026
tv,331946,A Beautiful Obsession,en,Documentary,10.9011,8.7,3,2026
tv,241882,Ride or Die,en,Action & Adventure,31.6288,6.6,96,2026
tv,302658,Founder: Orhan,tr,"Drama, Action & Adventure, War & Politics",12.1442,8,7,2025
tv,285250,The Trembling of Cicada,zh,Mystery,5.8698,8,2,2026
tv,125928,My Adventures with Superman,en,"Animation, Action & Adventure, Sci-Fi & Fantasy",38.3652,8.129,268,2023
tv,277439,Cape Fear,en,"Crime, Drama",61.1288,7.185,157,2026
tv,301412,Dream to You,ko,"Drama, Comedy",50.0971,9.3,10,2026
tv,207333,One Hundred Years of Solitude,es,"Drama, Sci-Fi & Fantasy",39.638,7.981,241,2024
tv,247522,Tires,en,Comedy,36.4743,6.7,99,2024
tv,323557,Lion,en,Documentary,12.1211,9,2,2026
tv,218038,Vivant,ja,Drama,20.7548,7.315,27,2023
tv,114461,Ahsoka,en,"Sci-Fi & Fantasy, Action & Adventure",27.9196,7.405,1284,2023
tv,296286,Smoking Behind the Supermarket with You,ja,"Animation, Comedy",34.1043,8.9,39,2026
tv,219971,The Agency,en,"Drama, Mystery",41.1348,7.201,276,2024
tv,111834,Stillwater,en,"Kids, Animation",22.5729,7.6,21,2020
tv,125909,Batman: Caped Crusader,en,"Animation, Crime, Action & Adventure, Mystery",25.0742,7.3,275,2024
tv,289324,Star Wars: Visions Presents - The Ninth Jedi,ja,"Animation, Sci-Fi & Fantasy, Action & Adventure",29.3765,7.5,23,2026
tv,285993,BLACK TORCH,ja,"Animation, Mystery, Action & Adventure, Sci-Fi & Fantasy",44.8394,8.6,29,2026
tv,106379,Fallout,en,"Action & Adventure, Sci-Fi & Fantasy, Drama",43.7226,8.114,3045,2024
tv,299158,LOVEx3,th,Drama,26.2385,9,1,2026
tv,295410,Emergency 53,pt,"Drama, Action & Adventure",7.9023,10,1,2026
tv,301418,The Affair Was Just The Beginning,ko,"Crime, Comedy, Drama",19.1932,8.8,5,2026
tv,107371,A Will Eternal,zh,"Animation, Sci-Fi & Fantasy, Drama",28.6597,8.9,16,2020
tv,111110,ONE PIECE,en,"Action & Adventure, Sci-Fi & Fantasy",31.7203,8.109,1900,2023
tv,321564,Star Wars: The Mandalorian and Grogu | A Special Look,en,Documentary,2.9032,8.2,10,2026
tv,243206,Pritam and Pedro,hi,"Crime, Drama, Mystery, Comedy",22.984,8.4,14,2026
tv,279323,The East Palace,ko,"Mystery, Action & Adventure, Sci-Fi & Fantasy, Drama",19.3708,8.235,83,2026
tv,229192,The Demon Hunter,zh,"Animation, Action & Adventure",46.2329,9.2,18,2023
tv,196322,Dark Matter,en,"Sci-Fi & Fantasy, Drama",33.1039,7.766,725,2024
tv,288971,Jaadugar: A Witch in Mongolia,ja,"Animation, Drama, War & Politics",22.437,8,10,2026
tv,296140,"My Bias, My Boss",ko,"Comedy, Drama",24.1778,7.4,5,2026
tv,284753,Operation Safed Sagar: The Untold Story of the Kargil War,hi,Drama,31.916,6.2,8,2026
tv,286345,Though I Am an Inept Villainess,ja,"Animation, Drama, Sci-Fi & Fantasy",32.3645,8.5,7,2026
tv,317331,Suspicious Neighbor,zh,"Drama, Mystery",3.24,8,1,2026
tv,326901,Take a Hike!,ko,Reality,6.9643,0,0,2026
tv,270603,The Exiled Heavy Knight Knows How to Game the System,ja,"Animation, Action & Adventure, Sci-Fi & Fantasy",35.9716,8.588,17,2026
tv,305379,Badly in Love,ja,Reality,29.1352,7.7,6,2025
tv,56570,Outlander,en,"Drama, Sci-Fi & Fantasy",76.6326,8.202,2963,2014
tv,295434,Kamen Rider ZEZTZ,ja,"Action & Adventure, Sci-Fi & Fantasy, Comedy, Drama",36.2583,8.1,16,2025
tv,236534,Tales of Herding Gods,zh,"Animation, Sci-Fi & Fantasy, Action & Adventure",45.4093,7.781,16,2024
tv,247718,MobLand,en,"Crime, Drama",55.9551,8.351,796,2025
tv,280049,HELL MODE: The Hardcore Gamer Dominates in Another World with Garbage Balancing,ja,"Animation, Action & Adventure, Sci-Fi & Fantasy",27.6757,7.313,32,2026
tv,131040,Call Me By Fire,zh,Reality,33.9699,8,6,2021
tv,8840,Fightland,en,"Crime, Drama",16.4808,4.7,19,2026
tv,297826,Tomb Raider King,ko,"Animation, Action & Adventure, Sci-Fi & Fantasy",37.7576,8.333,18,2026
tv,93405,Squid Game,ko,"Action & Adventure, Mystery, Drama",48.4555,7.855,17682,2021
tv,282136,Ever Night,zh,"Animation, Action & Adventure, Drama",6.3203,8,5,2026
tv,290856,Marshals,en,"Drama, Crime, Action & Adventure",47.072,7.937,351,2026
tv,91801,Welcome to Demon School! Iruma-kun,ja,"Animation, Comedy, Sci-Fi & Fantasy",38.6925,8.257,303,2019
tv,226749,The Librarians: The Next Chapter,en,"Action & Adventure, Sci-Fi & Fantasy",20.2462,6.6,55,2025
tv,253941,The Paper,en,Comedy,23.8713,7.09,89,2025
tv,213562,Crystal Lake,en,"Mystery, Drama",2.7482,0,0,2026
tv,253391,Sheriff Country,en,"Drama, Crime",19.8653,7.351,47,2025
tv,323579,GATE24: The Border,ja,"Crime, Drama",11.8116,5,1,2026
tv,295778,Scrubs,en,Comedy,40.1396,7.795,100,2026
tv,289116,Genius Girlfriend,zh,Drama,35.0032,8.4,4,2026
tv,224377,Harry Potter,en,"Action & Adventure, Family, Sci-Fi & Fantasy",8.8986,0,0,2026
tv,224372,A Knight of the Seven Kingdoms,en,"Drama, Sci-Fi & Fantasy, Action & Adventure",53.057,8.421,1122,2026
tv,2808,Totally Spies!,fr,"Animation, Kids, Comedy, Action & Adventure",35.1376,7.337,297,2002
tv,299939,Monster: The Lizzie Borden Story,en,"Drama, Crime",10.9894,0,0,2026
tv,110492,Peacemaker,en,"Action & Adventure, Sci-Fi & Fantasy, Comedy",33.4473,8.184,3510,2022
tv,312849,Rich Girl Caretaker: I'm Secretly the Caregiver of the Most Popular Girl in This Rich Kid School,ja,"Animation, Comedy",26.4487,9,6,2026
tv,228429,Soul Land 2: The Peerless Tang Clan,zh,"Animation, Sci-Fi & Fantasy, Action & Adventure, Drama",45.2047,7.967,15,2023
tv,296202,Wow The World,zh,Reality,24.1644,8.833,6,2025
tv,278178,I Will Find You,en,"Drama, Mystery, Crime",42.4555,8.2,443,2026
tv,225171,Pluribus,en,"Drama, Sci-Fi & Fantasy",41.1567,7.9,1061,2025
tv,226698,Conan O'Brien Must Go,en,"Documentary, Comedy",16.9477,7.7,37,2024
tv,126660,Professor T,en,"Crime, Mystery, Drama",23.061,7.315,62,2021
tv,199001,My Life with the Walter Boys,en,Drama,53.8202,7.812,417,2023
tv,331312,Kiss or Kill,zh,"Drama, Action & Adventure",4.5897,0,0,2026
tv,103540,Percy Jackson and the Olympians,en,"Action & Adventure, Sci-Fi & Fantasy, Drama, Family",46.0885,7.3,821,2023
tv,91239,Bridgerton,en,Drama,58.8741,8.1,3376,2020
tv,280564,False Memory,zh,"Animation, Action & Adventure",26.9836,7,1,2026
tv,303287,GuAn,zh,"Animation, Action & Adventure, Drama",9.1494,10,1,2026
tv,295999,MAO,ja,"Animation, Action & Adventure, Sci-Fi & Fantasy, Mystery",16.037,9,19,2026
tv,63726,Alone,en,Reality,26.1873,7.2,110,2015
tv,326788,Cyberpunk: Edgerunners 2,ja,"Animation, Action & Adventure, Sci-Fi & Fantasy, Crime",6.66,0,0,2026
tv,79481,Fights Break Sphere,zh,"Animation, Action & Adventure, Drama",50.078,7.9,61,2017
tv,96677,Lupin,fr,"Crime, Drama, Mystery",34.0267,7.682,2639,2021
tv,203614,Colin from Accounts,en,Comedy,16.1635,7.5,99,2022
tv,156988,The Undeclared War,en,"War & Politics, Drama, Sci-Fi & Fantasy",9.5205,6.1,94,2022
tv,218642,My Senior Brother is Too Steady,zh,"Animation, Comedy, Sci-Fi & Fantasy, Action & Adventure",45.6469,8.8,8,2023
tv,255358,THE GHOST IN THE SHELL,ja,"Animation, Action & Adventure, Sci-Fi & Fantasy",27.3657,8.419,37,2026
tv,309974,Love Unseen Beneath the Clear Night Sky,ja,"Animation, Drama",34.0187,7.667,9,2026
